#E_pot  E_kin  T  P
-9.779547e+02 4.803129e+02 1.925612e+02 1.969329e+07
-9.779375e+02 4.811675e+02 1.929038e+02 1.972833e+07
-9.778786e+02 4.821510e+02 1.932981e+02 1.976866e+07
-9.777775e+02 4.846340e+02 1.942936e+02 1.987046e+07
-9.776340e+02 4.850697e+02 1.944682e+02 1.988832e+07
-9.774477e+02 4.859663e+02 1.948277e+02 1.992509e+07
-9.772183e+02 4.872277e+02 1.953334e+02 1.997680e+07
-9.769446e+02 4.879218e+02 1.956117e+02 2.000526e+07
-9.766262e+02 4.841988e+02 1.941191e+02 1.985262e+07
-9.762641e+02 4.845145e+02 1.942457e+02 1.986556e+07
-9.758584e+02 4.849517e+02 1.944210e+02 1.988349e+07
-9.754088e+02 4.871066e+02 1.952849e+02 1.997184e+07
-9.749140e+02 4.897253e+02 1.963347e+02 2.007921e+07
-9.743727e+02 4.911980e+02 1.969252e+02 2.013959e+07
-9.737847e+02 4.914864e+02 1.970408e+02 2.015142e+07
-9.731501e+02 4.880591e+02 1.956667e+02 2.001089e+07
-9.724681e+02 4.879957e+02 1.956413e+02 2.000829e+07
-9.717397e+02 4.848701e+02 1.943882e+02 1.988014e+07
-9.709640e+02 4.827062e+02 1.935207e+02 1.979142e+07
-9.701403e+02 4.808346e+02 1.927703e+02 1.971468e+07
-9.692700e+02 4.822233e+02 1.933271e+02 1.977162e+07
-9.683531e+02 4.805501e+02 1.926563e+02 1.970302e+07
-9.673872e+02 4.832824e+02 1.937517e+02 1.981505e+07
-9.663711e+02 4.809290e+02 1.928082e+02 1.971855e+07
-9.653058e+02 4.797173e+02 1.923224e+02 1.966887e+07
-9.641933e+02 4.756891e+02 1.907075e+02 1.950371e+07
-9.630355e+02 4.733078e+02 1.897528e+02 1.940608e+07
-9.618295e+02 4.713363e+02 1.889624e+02 1.932524e+07
-9.605754e+02 4.659183e+02 1.867903e+02 1.910310e+07
-9.592727e+02 4.627001e+02 1.855001e+02 1.897115e+07
-9.579192e+02 4.614319e+02 1.849917e+02 1.891915e+07
-9.565137e+02 4.610449e+02 1.848365e+02 1.890328e+07
-9.550573e+02 4.590466e+02 1.840354e+02 1.882135e+07
-9.535523e+02 4.562053e+02 1.828963e+02 1.870486e+07
-9.519978e+02 4.574611e+02 1.833998e+02 1.875635e+07
-9.503921e+02 4.530147e+02 1.816171e+02 1.857404e+07
-9.487358e+02 4.525441e+02 1.814285e+02 1.855475e+07
-9.470292e+02 4.530181e+02 1.816185e+02 1.857418e+07
-9.452774e+02 4.488127e+02 1.799325e+02 1.840175e+07
-9.434789e+02 4.489344e+02 1.799813e+02 1.840674e+07
-9.416303e+02 4.485816e+02 1.798399e+02 1.839228e+07
-9.397339e+02 4.463301e+02 1.789373e+02 1.829997e+07
-9.377882e+02 4.435388e+02 1.778182e+02 1.818552e+07
-9.357946e+02 4.422242e+02 1.772911e+02 1.813162e+07
-9.337527e+02 4.411607e+02 1.768648e+02 1.808802e+07
-9.316652e+02 4.371898e+02 1.752728e+02 1.792520e+07
-9.295274e+02 4.385233e+02 1.758074e+02 1.797988e+07
-9.273364e+02 4.386062e+02 1.758407e+02 1.798328e+07
-9.250913e+02 4.385431e+02 1.758154e+02 1.798069e+07
-9.227894e+02 4.381918e+02 1.756745e+02 1.796628e+07
-9.204343e+02 4.337602e+02 1.738979e+02 1.778459e+07
-9.180288e+02 4.329773e+02 1.735840e+02 1.775249e+07
-9.155805e+02 4.286871e+02 1.718640e+02 1.757659e+07
-9.130873e+02 4.264043e+02 1.709488e+02 1.748299e+07
-9.105538e+02 4.217590e+02 1.690865e+02 1.729253e+07
-9.079831e+02 4.174206e+02 1.673472e+02 1.711465e+07
-9.053746e+02 4.140620e+02 1.660007e+02 1.697694e+07
-9.027244e+02 4.117743e+02 1.650836e+02 1.688314e+07
-9.000363e+02 4.073342e+02 1.633035e+02 1.670110e+07
-8.973203e+02 4.057735e+02 1.626778e+02 1.663710e+07
-8.945654e+02 4.015589e+02 1.609881e+02 1.646430e+07
-8.917810e+02 3.987503e+02 1.598621e+02 1.634915e+07
-8.889792e+02 3.964020e+02 1.589207e+02 1.625286e+07
-8.861545e+02 3.941865e+02 1.580325e+02 1.616203e+07
-8.833058e+02 3.918902e+02 1.571119e+02 1.606788e+07
-8.804266e+02 3.917992e+02 1.570754e+02 1.606414e+07
-8.775116e+02 3.868778e+02 1.551023e+02 1.586236e+07
-8.745719e+02 3.847910e+02 1.542657e+02 1.577680e+07
-8.716030e+02 3.827899e+02 1.534635e+02 1.569476e+07
-8.686089e+02 3.790475e+02 1.519631e+02 1.554131e+07
-8.655913e+02 3.775817e+02 1.513755e+02 1.548122e+07
-8.625458e+02 3.751807e+02 1.504129e+02 1.538277e+07
-8.594857e+02 3.734583e+02 1.497223e+02 1.531215e+07
-8.564213e+02 3.701302e+02 1.483881e+02 1.517569e+07
-8.533522e+02 3.690795e+02 1.479669e+02 1.513262e+07
-8.502810e+02 3.658213e+02 1.466606e+02 1.499903e+07
-8.472172e+02 3.646069e+02 1.461738e+02 1.494924e+07
-8.441597e+02 3.658872e+02 1.466870e+02 1.500173e+07
-8.411042e+02 3.619611e+02 1.451130e+02 1.484075e+07
-8.380492e+02 3.604997e+02 1.445272e+02 1.478084e+07
-8.350141e+02 3.552026e+02 1.424035e+02 1.456365e+07
-8.320045e+02 3.505038e+02 1.405197e+02 1.437099e+07
-8.290060e+02 3.495519e+02 1.401381e+02 1.433197e+07
-8.260257e+02 3.447072e+02 1.381958e+02 1.413333e+07
-8.230749e+02 3.426804e+02 1.373833e+02 1.405023e+07
-8.201645e+02 3.382989e+02 1.356267e+02 1.387058e+07
-8.173036e+02 3.377675e+02 1.354136e+02 1.384879e+07
-8.144778e+02 3.339201e+02 1.338712e+02 1.369105e+07
-8.116781e+02 3.320868e+02 1.331362e+02 1.361588e+07
-8.089178e+02 3.311267e+02 1.327513e+02 1.357651e+07
-8.061871e+02 3.290988e+02 1.319383e+02 1.349337e+07
-8.035031e+02 3.261437e+02 1.307536e+02 1.337221e+07
-8.008728e+02 3.258011e+02 1.306162e+02 1.335816e+07
-7.982783e+02 3.254415e+02 1.304721e+02 1.334342e+07
-7.957360e+02 3.210601e+02 1.287155e+02 1.316378e+07
-7.932518e+02 3.184445e+02 1.276669e+02 1.305653e+07
-7.908365e+02 3.181596e+02 1.275527e+02 1.304485e+07
-7.884909e+02 3.171542e+02 1.271496e+02 1.300363e+07
-7.861998e+02 3.139845e+02 1.258789e+02 1.287367e+07
-7.839608e+02 3.128324e+02 1.254170e+02 1.282643e+07
-7.817683e+02 3.098691e+02 1.242290e+02 1.270493e+07
-7.796330e+02 3.074796e+02 1.232710e+02 1.260696e+07
-7.775601e+02 3.058300e+02 1.226096e+02 1.253932e+07
-7.755496e+02 3.040704e+02 1.219042e+02 1.246718e+07
-7.736199e+02 3.027891e+02 1.213905e+02 1.241465e+07
-7.717560e+02 3.016702e+02 1.209420e+02 1.236877e+07
-7.699655e+02 3.005131e+02 1.204781e+02 1.232133e+07
-7.682495e+02 3.010237e+02 1.206828e+02 1.234226e+07
-7.665802e+02 3.001664e+02 1.203391e+02 1.230711e+07
-7.649653e+02 2.977170e+02 1.193571e+02 1.220669e+07
-7.634313e+02 2.972787e+02 1.191814e+02 1.218871e+07
-7.619762e+02 2.969991e+02 1.190693e+02 1.217725e+07
-7.605820e+02 2.972972e+02 1.191888e+02 1.218947e+07
-7.592573e+02 2.963648e+02 1.188150e+02 1.215124e+07
-7.580067e+02 2.940024e+02 1.178679e+02 1.205438e+07
-7.568139e+02 2.932358e+02 1.175605e+02 1.202295e+07
-7.556737e+02 2.930877e+02 1.175012e+02 1.201688e+07
-7.546067e+02 2.924587e+02 1.172490e+02 1.199109e+07
-7.536209e+02 2.937411e+02 1.177631e+02 1.204367e+07
-7.526971e+02 2.934077e+02 1.176294e+02 1.203000e+07
-7.518254e+02 2.926123e+02 1.173106e+02 1.199739e+07
-7.510263e+02 2.919139e+02 1.170306e+02 1.196875e+07
-7.503023e+02 2.906136e+02 1.165093e+02 1.191544e+07
-7.496433e+02 2.899062e+02 1.162257e+02 1.188644e+07
-7.490625e+02 2.894246e+02 1.160326e+02 1.186669e+07
-7.485662e+02 2.897764e+02 1.161736e+02 1.188111e+07
-7.481518e+02 2.924043e+02 1.172272e+02 1.198886e+07
-7.477939e+02 2.932159e+02 1.175526e+02 1.202214e+07
-7.474803e+02 2.915647e+02 1.168906e+02 1.195443e+07
-7.472152e+02 2.912160e+02 1.167508e+02 1.194014e+07
-7.470020e+02 2.917863e+02 1.169794e+02 1.196352e+07
-7.468645e+02 2.909125e+02 1.166291e+02 1.192769e+07
-7.467955e+02 2.903850e+02 1.164176e+02 1.190607e+07
-7.467882e+02 2.899100e+02 1.162272e+02 1.188659e+07
-7.468349e+02 2.902580e+02 1.163667e+02 1.190086e+07
-7.469226e+02 2.927545e+02 1.173676e+02 1.200322e+07
-7.470558e+02 2.917401e+02 1.169609e+02 1.196162e+07
-7.472454e+02 2.939068e+02 1.178295e+02 1.205046e+07
-7.474922e+02 2.965758e+02 1.188996e+02 1.215989e+07
-7.477878e+02 2.987229e+02 1.197604e+02 1.224793e+07
-7.481312e+02 2.998843e+02 1.202260e+02 1.229554e+07
-7.485146e+02 3.009331e+02 1.206464e+02 1.233855e+07
-7.489311e+02 3.021164e+02 1.211209e+02 1.238707e+07
-7.493725e+02 3.020860e+02 1.211086e+02 1.238582e+07
-7.498224e+02 3.028773e+02 1.214259e+02 1.241826e+07
-7.502991e+02 3.046695e+02 1.221444e+02 1.249174e+07
-7.508079e+02 3.070946e+02 1.231166e+02 1.259117e+07
-7.513287e+02 3.070012e+02 1.230792e+02 1.258735e+07
-7.518833e+02 3.064018e+02 1.228389e+02 1.256277e+07
-7.524766e+02 3.071950e+02 1.231569e+02 1.259529e+07
-7.530911e+02 3.082608e+02 1.235842e+02 1.263899e+07
-7.537174e+02 3.103803e+02 1.244339e+02 1.272589e+07
-7.543544e+02 3.107639e+02 1.245877e+02 1.274162e+07
-7.549978e+02 3.105137e+02 1.244874e+02 1.273136e+07
-7.556459e+02 3.086570e+02 1.237430e+02 1.265523e+07
-7.563059e+02 3.097829e+02 1.241944e+02 1.270140e+07
-7.569917e+02 3.137354e+02 1.257790e+02 1.286346e+07
-7.576986e+02 3.152764e+02 1.263968e+02 1.292664e+07
-7.584050e+02 3.172597e+02 1.271919e+02 1.300795e+07
-7.591010e+02 3.168366e+02 1.270223e+02 1.299061e+07
-7.597880e+02 3.164871e+02 1.268821e+02 1.297627e+07
-7.604627e+02 3.176504e+02 1.273485e+02 1.302397e+07
-7.611243e+02 3.175826e+02 1.273213e+02 1.302119e+07
-7.617878e+02 3.196284e+02 1.281416e+02 1.310507e+07
-7.624457e+02 3.234604e+02 1.296778e+02 1.326219e+07
-7.630937e+02 3.252810e+02 1.304077e+02 1.333683e+07
-7.637356e+02 3.264266e+02 1.308670e+02 1.338380e+07
-7.643759e+02 3.294767e+02 1.320898e+02 1.350886e+07
-7.650240e+02 3.301653e+02 1.323658e+02 1.353709e+07
-7.656732e+02 3.296059e+02 1.321416e+02 1.351416e+07
-7.663085e+02 3.323277e+02 1.332328e+02 1.362576e+07
-7.669197e+02 3.326489e+02 1.333616e+02 1.363893e+07
-7.675030e+02 3.343742e+02 1.340532e+02 1.370967e+07
-7.680616e+02 3.346668e+02 1.341706e+02 1.372166e+07
-7.686085e+02 3.362551e+02 1.348073e+02 1.378678e+07
-7.691495e+02 3.352425e+02 1.344013e+02 1.374527e+07
-7.696622e+02 3.337800e+02 1.338150e+02 1.368530e+07
-7.701396e+02 3.350730e+02 1.343334e+02 1.373832e+07
-7.705964e+02 3.337968e+02 1.338218e+02 1.368599e+07
-7.710297e+02 3.348619e+02 1.342488e+02 1.372966e+07
-7.714308e+02 3.349244e+02 1.342738e+02 1.373223e+07
-7.718148e+02 3.362025e+02 1.347862e+02 1.378463e+07
-7.721907e+02 3.376239e+02 1.353561e+02 1.384290e+07
-7.725526e+02 3.406731e+02 1.365785e+02 1.396793e+07
-7.729007e+02 3.441191e+02 1.379601e+02 1.410922e+07
-7.732331e+02 3.463068e+02 1.388371e+02 1.419891e+07
-7.735505e+02 3.449684e+02 1.383005e+02 1.414404e+07
-7.738553e+02 3.453081e+02 1.384367e+02 1.415796e+07
-7.741480e+02 3.471812e+02 1.391877e+02 1.423476e+07
-7.744229e+02 3.501135e+02 1.403633e+02 1.435499e+07
-7.746810e+02 3.490675e+02 1.399439e+02 1.431210e+07
-7.749357e+02 3.491367e+02 1.399716e+02 1.431494e+07
-7.751734e+02 3.494260e+02 1.400876e+02 1.432680e+07
-7.753804e+02 3.492666e+02 1.400237e+02 1.432027e+07
-7.755648e+02 3.475615e+02 1.393401e+02 1.425036e+07
-7.757281e+02 3.477959e+02 1.394341e+02 1.425997e+07
-7.758642e+02 3.484532e+02 1.396976e+02 1.428692e+07
-7.759758e+02 3.488214e+02 1.398452e+02 1.430201e+07
-7.760731e+02 3.456886e+02 1.385893e+02 1.417357e+07
-7.761581e+02 3.466879e+02 1.389899e+02 1.421454e+07
-7.762402e+02 3.472709e+02 1.392236e+02 1.423844e+07
-7.763291e+02 3.460183e+02 1.387215e+02 1.418708e+07
-7.764082e+02 3.479502e+02 1.394960e+02 1.426629e+07
-7.764681e+02 3.470541e+02 1.391367e+02 1.422955e+07
-7.765222e+02 3.466697e+02 1.389826e+02 1.421379e+07
-7.765684e+02 3.496426e+02 1.401745e+02 1.433568e+07
-7.765981e+02 3.482532e+02 1.396174e+02 1.427872e+07
-7.766123e+02 3.469054e+02 1.390771e+02 1.422345e+07
-7.766131e+02 3.478663e+02 1.394623e+02 1.426285e+07
-7.765981e+02 3.480560e+02 1.395384e+02 1.427063e+07
-7.765826e+02 3.484310e+02 1.396887e+02 1.428601e+07
-7.765695e+02 3.476117e+02 1.393603e+02 1.425242e+07
-7.765538e+02 3.468668e+02 1.390616e+02 1.422187e+07
-7.765485e+02 3.438558e+02 1.378545e+02 1.409842e+07
-7.765495e+02 3.434300e+02 1.376838e+02 1.408096e+07
-7.765415e+02 3.440385e+02 1.379277e+02 1.410591e+07
-7.765315e+02 3.432354e+02 1.376058e+02 1.407298e+07
-7.765275e+02 3.435160e+02 1.377183e+02 1.408449e+07
-7.765257e+02 3.432521e+02 1.376124e+02 1.407367e+07
-7.765190e+02 3.441018e+02 1.379531e+02 1.410851e+07
-7.764961e+02 3.439688e+02 1.378998e+02 1.410305e+07
-7.764670e+02 3.431515e+02 1.375721e+02 1.406954e+07
-7.764381e+02 3.432229e+02 1.376007e+02 1.407247e+07
-7.764108e+02 3.451560e+02 1.383758e+02 1.415173e+07
-7.763765e+02 3.471697e+02 1.391831e+02 1.423429e+07
-7.763454e+02 3.487451e+02 1.398147e+02 1.429889e+07
-7.763309e+02 3.506281e+02 1.405696e+02 1.437609e+07
-7.763253e+02 3.502198e+02 1.404059e+02 1.435935e+07
-7.763150e+02 3.507927e+02 1.406356e+02 1.438284e+07
-7.762986e+02 3.528424e+02 1.414573e+02 1.446688e+07
-7.762873e+02 3.537285e+02 1.418125e+02 1.450321e+07
-7.762643e+02 3.527114e+02 1.414048e+02 1.446151e+07
-7.762352e+02 3.521929e+02 1.411969e+02 1.444025e+07
-7.762189e+02 3.519252e+02 1.410896e+02 1.442927e+07
-7.762061e+02 3.535250e+02 1.417310e+02 1.449487e+07
-7.762032e+02 3.595453e+02 1.441445e+02 1.474170e+07
-7.762115e+02 3.592250e+02 1.440161e+02 1.472857e+07
-7.762262e+02 3.575344e+02 1.433383e+02 1.465925e+07
-7.762580e+02 3.557436e+02 1.426204e+02 1.458583e+07
-7.763023e+02 3.555718e+02 1.425515e+02 1.457879e+07
-7.763552e+02 3.535417e+02 1.417377e+02 1.449555e+07
-7.764050e+02 3.512442e+02 1.408166e+02 1.440135e+07
-7.764517e+02 3.524156e+02 1.412862e+02 1.444938e+07
-7.764915e+02 3.528316e+02 1.414530e+02 1.446644e+07
-7.765176e+02 3.548437e+02 1.422596e+02 1.454893e+07
-7.765378e+02 3.546020e+02 1.421627e+02 1.453902e+07
-7.765510e+02 3.539228e+02 1.418904e+02 1.451118e+07
-7.765669e+02 3.535798e+02 1.417529e+02 1.449711e+07
-7.765932e+02 3.539616e+02 1.419060e+02 1.451277e+07
-7.766207e+02 3.561181e+02 1.427705e+02 1.460118e+07
-7.766546e+02 3.563783e+02 1.428749e+02 1.461185e+07
-7.766987e+02 3.546277e+02 1.421730e+02 1.454008e+07
-7.767458e+02 3.547855e+02 1.422363e+02 1.454655e+07
-7.768004e+02 3.521624e+02 1.411847e+02 1.443900e+07
-7.768624e+02 3.527639e+02 1.414258e+02 1.446366e+07
-7.769247e+02 3.525988e+02 1.413596e+02 1.445689e+07
-7.769885e+02 3.530521e+02 1.415413e+02 1.447548e+07
-7.770498e+02 3.522778e+02 1.412309e+02 1.444373e+07
-7.771064e+02 3.561322e+02 1.427762e+02 1.460177e+07
-7.771615e+02 3.565771e+02 1.429546e+02 1.462001e+07
-7.772086e+02 3.570710e+02 1.431526e+02 1.464026e+07
-7.772468e+02 3.585400e+02 1.437415e+02 1.470048e+07
-7.772757e+02 3.618109e+02 1.450528e+02 1.483460e+07
-7.773013e+02 3.616193e+02 1.449760e+02 1.482674e+07
-7.773237e+02 3.617108e+02 1.450127e+02 1.483049e+07
-7.773357e+02 3.600043e+02 1.443286e+02 1.476052e+07
-7.773468e+02 3.576582e+02 1.433880e+02 1.466433e+07
-7.773618e+02 3.555390e+02 1.425384e+02 1.457744e+07
-7.773840e+02 3.549451e+02 1.423003e+02 1.455309e+07
-7.774103e+02 3.538003e+02 1.418413e+02 1.450615e+07
-7.774306e+02 3.540050e+02 1.419234e+02 1.451455e+07
-7.774393e+02 3.531233e+02 1.415699e+02 1.447840e+07
-7.774496e+02 3.503733e+02 1.404674e+02 1.436564e+07
-7.774669e+02 3.511963e+02 1.407973e+02 1.439939e+07
-7.774858e+02 3.503077e+02 1.404411e+02 1.436296e+07
-7.775067e+02 3.505206e+02 1.405264e+02 1.437168e+07
-7.775309e+02 3.484111e+02 1.396808e+02 1.428519e+07
-7.775594e+02 3.484858e+02 1.397107e+02 1.428825e+07
-7.775965e+02 3.496304e+02 1.401696e+02 1.433519e+07
-7.776485e+02 3.512097e+02 1.408027e+02 1.439994e+07
-7.777043e+02 3.503750e+02 1.404681e+02 1.436571e+07
-7.777658e+02 3.493281e+02 1.400484e+02 1.432279e+07
-7.778370e+02 3.476077e+02 1.393587e+02 1.425225e+07
-7.779192e+02 3.470073e+02 1.391179e+02 1.422763e+07
-7.780114e+02 3.466830e+02 1.389879e+02 1.421434e+07
-7.780947e+02 3.467329e+02 1.390080e+02 1.421638e+07
-7.781753e+02 3.468771e+02 1.390657e+02 1.422229e+07
-7.782658e+02 3.474894e+02 1.393112e+02 1.424740e+07
-7.783606e+02 3.460893e+02 1.387499e+02 1.418999e+07
-7.784606e+02 3.466169e+02 1.389614e+02 1.421163e+07
-7.785716e+02 3.460054e+02 1.387163e+02 1.418656e+07
-7.786935e+02 3.442701e+02 1.380206e+02 1.411541e+07
-7.788234e+02 3.442389e+02 1.380081e+02 1.411413e+07
-7.789575e+02 3.451369e+02 1.383681e+02 1.415095e+07
-7.790991e+02 3.457983e+02 1.386332e+02 1.417806e+07
-7.792511e+02 3.479275e+02 1.394869e+02 1.426536e+07
-7.794061e+02 3.474276e+02 1.392864e+02 1.424487e+07
-7.795609e+02 3.488622e+02 1.398616e+02 1.430369e+07
-7.797158e+02 3.523953e+02 1.412780e+02 1.444855e+07
-7.798776e+02 3.548943e+02 1.422799e+02 1.455101e+07
-7.800564e+02 3.541352e+02 1.419756e+02 1.451989e+07
-7.802438e+02 3.533606e+02 1.416650e+02 1.448812e+07
-7.804292e+02 3.540454e+02 1.419396e+02 1.451620e+07
-7.806142e+02 3.543184e+02 1.420490e+02 1.452740e+07
-7.808048e+02 3.529788e+02 1.415120e+02 1.447247e+07
-7.810023e+02 3.523163e+02 1.412464e+02 1.444531e+07
-7.811945e+02 3.528955e+02 1.414786e+02 1.446905e+07
-7.813874e+02 3.534559e+02 1.417032e+02 1.449203e+07
-7.815839e+02 3.526713e+02 1.413887e+02 1.445986e+07
-7.817723e+02 3.549469e+02 1.423010e+02 1.455316e+07
-7.819561e+02 3.555032e+02 1.425240e+02 1.457597e+07
-7.821367e+02 3.540802e+02 1.419535e+02 1.451763e+07
-7.823078e+02 3.539774e+02 1.419123e+02 1.451341e+07
-7.824856e+02 3.565162e+02 1.429301e+02 1.461751e+07
-7.826823e+02 3.574767e+02 1.433152e+02 1.465689e+07
-7.828798e+02 3.582961e+02 1.436437e+02 1.469049e+07
-7.830794e+02 3.603655e+02 1.444733e+02 1.477533e+07
-7.832845e+02 3.617306e+02 1.450207e+02 1.483131e+07
-7.834840e+02 3.619034e+02 1.450899e+02 1.483839e+07
-7.836742e+02 3.628318e+02 1.454621e+02 1.487645e+07
-7.838626e+02 3.649850e+02 1.463254e+02 1.496474e+07
-7.840519e+02 3.645477e+02 1.461500e+02 1.494681e+07
-7.842322e+02 3.646196e+02 1.461789e+02 1.494975e+07
-7.844020e+02 3.676691e+02 1.474014e+02 1.507479e+07
-7.845696e+02 3.685106e+02 1.477388e+02 1.510929e+07
-7.847428e+02 3.688407e+02 1.478711e+02 1.512282e+07
-7.849186e+02 3.685064e+02 1.477371e+02 1.510912e+07
-7.850976e+02 3.675482e+02 1.473530e+02 1.506983e+07
-7.852729e+02 3.673934e+02 1.472909e+02 1.506348e+07
-7.854360e+02 3.668887e+02 1.470885e+02 1.504279e+07
-7.855844e+02 3.660104e+02 1.467365e+02 1.500678e+07
-7.857296e+02 3.678186e+02 1.474614e+02 1.508092e+07
-7.858717e+02 3.678034e+02 1.474553e+02 1.508029e+07
-7.860013e+02 3.652859e+02 1.464460e+02 1.497707e+07
-7.861143e+02 3.657391e+02 1.466277e+02 1.499566e+07
-7.862016e+02 3.636401e+02 1.457862e+02 1.490960e+07
-7.862636e+02 3.634263e+02 1.457004e+02 1.490083e+07
-7.863119e+02 3.619347e+02 1.451025e+02 1.483967e+07
-7.863565e+02 3.622960e+02 1.452473e+02 1.485449e+07
-7.863888e+02 3.630211e+02 1.455380e+02 1.488422e+07
-7.864204e+02 3.647051e+02 1.462131e+02 1.495326e+07
-7.864518e+02 3.635085e+02 1.457334e+02 1.490420e+07
-7.864727e+02 3.637398e+02 1.458261e+02 1.491368e+07
-7.864825e+02 3.636174e+02 1.457771e+02 1.490866e+07
-7.864773e+02 3.639013e+02 1.458909e+02 1.492030e+07
-7.864684e+02 3.627879e+02 1.454445e+02 1.487466e+07
-7.864605e+02 3.625494e+02 1.453489e+02 1.486487e+07
-7.864537e+02 3.627218e+02 1.454180e+02 1.487194e+07
-7.864530e+02 3.596238e+02 1.441760e+02 1.474492e+07
-7.864589e+02 3.600838e+02 1.443604e+02 1.476378e+07
-7.864658e+02 3.580760e+02 1.435555e+02 1.468146e+07
-7.864673e+02 3.580994e+02 1.435649e+02 1.468242e+07
-7.864584e+02 3.603537e+02 1.444686e+02 1.477485e+07
-7.864357e+02 3.641024e+02 1.459715e+02 1.492855e+07
-7.863979e+02 3.628851e+02 1.454835e+02 1.487864e+07
-7.863478e+02 3.617403e+02 1.450245e+02 1.483170e+07
-7.862902e+02 3.613615e+02 1.448726e+02 1.481617e+07
-7.862189e+02 3.622341e+02 1.452225e+02 1.485195e+07
-7.861375e+02 3.608339e+02 1.446611e+02 1.479454e+07
-7.860490e+02 3.614236e+02 1.448975e+02 1.481871e+07
-7.859405e+02 3.616343e+02 1.449820e+02 1.482735e+07
-7.858186e+02 3.626604e+02 1.453934e+02 1.486942e+07
-7.856952e+02 3.612967e+02 1.448467e+02 1.481351e+07
-7.855722e+02 3.594147e+02 1.440922e+02 1.473635e+07
-7.854411e+02 3.591360e+02 1.439805e+02 1.472492e+07
-7.853058e+02 3.623809e+02 1.452813e+02 1.485796e+07
-7.851706e+02 3.652408e+02 1.464279e+02 1.497523e+07
-7.850245e+02 3.640947e+02 1.459684e+02 1.492823e+07
-7.848640e+02 3.652674e+02 1.464386e+02 1.497632e+07
-7.846980e+02 3.648742e+02 1.462809e+02 1.496019e+07
-7.845325e+02 3.658665e+02 1.466788e+02 1.500088e+07
-7.843567e+02 3.692698e+02 1.480432e+02 1.514042e+07
-7.841741e+02 3.709279e+02 1.487079e+02 1.520840e+07
-7.840001e+02 3.705532e+02 1.485577e+02 1.519304e+07
-7.838366e+02 3.721032e+02 1.491791e+02 1.525659e+07
-7.836732e+02 3.742022e+02 1.500206e+02 1.534265e+07
-7.835010e+02 3.716599e+02 1.490014e+02 1.523842e+07
-7.833250e+02 3.684973e+02 1.477335e+02 1.510874e+07
-7.831529e+02 3.704212e+02 1.485048e+02 1.518763e+07
-7.829809e+02 3.721816e+02 1.492105e+02 1.525980e+07
-7.828034e+02 3.716637e+02 1.490029e+02 1.523857e+07
-7.826197e+02 3.702436e+02 1.484336e+02 1.518034e+07
-7.824329e+02 3.736073e+02 1.497821e+02 1.531826e+07
-7.822456e+02 3.708901e+02 1.486928e+02 1.520685e+07
-7.820523e+02 3.689273e+02 1.479058e+02 1.512637e+07
-7.818478e+02 3.707493e+02 1.486363e+02 1.520108e+07
-7.816441e+02 3.716365e+02 1.489920e+02 1.523745e+07
-7.814566e+02 3.708828e+02 1.486898e+02 1.520655e+07
-7.812825e+02 3.715760e+02 1.489677e+02 1.523498e+07
-7.811096e+02 3.708455e+02 1.486749e+02 1.520502e+07
-7.809305e+02 3.721453e+02 1.491960e+02 1.525831e+07
-7.807518e+02 3.712939e+02 1.488546e+02 1.522341e+07
-7.805829e+02 3.714769e+02 1.489280e+02 1.523091e+07
-7.804192e+02 3.713126e+02 1.488621e+02 1.522418e+07
-7.802565e+02 3.707892e+02 1.486523e+02 1.520271e+07
-7.800956e+02 3.702624e+02 1.484411e+02 1.518112e+07
-7.799330e+02 3.693618e+02 1.480800e+02 1.514419e+07
-7.797690e+02 3.688755e+02 1.478851e+02 1.512425e+07
-7.796056e+02 3.674711e+02 1.473220e+02 1.506667e+07
-7.794441e+02 3.676074e+02 1.473767e+02 1.507226e+07
-7.792887e+02 3.704519e+02 1.485171e+02 1.518888e+07
-7.791306e+02 3.712866e+02 1.488517e+02 1.522311e+07
-7.789736e+02 3.720649e+02 1.491637e+02 1.525502e+07
-7.788222e+02 3.730967e+02 1.495774e+02 1.529733e+07
-7.786682e+02 3.718826e+02 1.490906e+02 1.524754e+07
-7.785147e+02 3.730558e+02 1.495610e+02 1.529565e+07
-7.783635e+02 3.734615e+02 1.497237e+02 1.531228e+07
-7.782179e+02 3.768735e+02 1.510915e+02 1.545218e+07
-7.780750e+02 3.787304e+02 1.518360e+02 1.552831e+07
-7.779376e+02 3.779446e+02 1.515209e+02 1.549609e+07
-7.778087e+02 3.790096e+02 1.519479e+02 1.553976e+07
-7.776899e+02 3.779033e+02 1.515044e+02 1.549440e+07
-7.775758e+02 3.778971e+02 1.515019e+02 1.549415e+07
-7.774462e+02 3.802395e+02 1.524410e+02 1.559019e+07
-7.773100e+02 3.838888e+02 1.539040e+02 1.573981e+07
-7.771901e+02 3.853664e+02 1.544964e+02 1.580039e+07
-7.770673e+02 3.858357e+02 1.546846e+02 1.581964e+07
-7.769286e+02 3.864129e+02 1.549160e+02 1.584330e+07
-7.768023e+02 3.854716e+02 1.545386e+02 1.580471e+07
-7.766867e+02 3.847241e+02 1.542389e+02 1.577406e+07
-7.765676e+02 3.836714e+02 1.538169e+02 1.573090e+07
-7.764498e+02 3.836256e+02 1.537985e+02 1.572902e+07
-7.763333e+02 3.869445e+02 1.551291e+02 1.586510e+07
-7.762249e+02 3.879667e+02 1.555389e+02 1.590701e+07
-7.761310e+02 3.895610e+02 1.561781e+02 1.597238e+07
-7.760444e+02 3.890697e+02 1.559811e+02 1.595223e+07
-7.759632e+02 3.918645e+02 1.571016e+02 1.606682e+07
-7.758920e+02 3.922190e+02 1.572437e+02 1.608136e+07
-7.758260e+02 3.912815e+02 1.568678e+02 1.604292e+07
-7.757552e+02 3.940107e+02 1.579620e+02 1.615482e+07
-7.756753e+02 3.942771e+02 1.580688e+02 1.616574e+07
-7.755779e+02 3.918201e+02 1.570838e+02 1.606500e+07
-7.754712e+02 3.944389e+02 1.581336e+02 1.617237e+07
-7.753631e+02 3.944529e+02 1.581393e+02 1.617295e+07
-7.752571e+02 3.950008e+02 1.583589e+02 1.619541e+07
-7.751556e+02 3.925857e+02 1.573907e+02 1.609639e+07
-7.750443e+02 3.912523e+02 1.568561e+02 1.604172e+07
-7.749250e+02 3.902574e+02 1.564573e+02 1.600093e+07
-7.748002e+02 3.907864e+02 1.566693e+02 1.602262e+07
-7.746683e+02 3.888197e+02 1.558809e+02 1.594198e+07
-7.745277e+02 3.885423e+02 1.557696e+02 1.593061e+07
-7.743843e+02 3.878484e+02 1.554914e+02 1.590216e+07
-7.742458e+02 3.872656e+02 1.552578e+02 1.587826e+07
-7.741084e+02 3.870277e+02 1.551624e+02 1.586851e+07
-7.739675e+02 3.859475e+02 1.547294e+02 1.582422e+07
-7.738236e+02 3.875897e+02 1.553877e+02 1.589155e+07
-7.736809e+02 3.866700e+02 1.550191e+02 1.585384e+07
-7.735421e+02 3.883149e+02 1.556785e+02 1.592129e+07
-7.733986e+02 3.906545e+02 1.566164e+02 1.601721e+07
-7.732480e+02 3.907263e+02 1.566452e+02 1.602015e+07
-7.730978e+02 3.916494e+02 1.570153e+02 1.605800e+07
-7.729441e+02 3.896854e+02 1.562279e+02 1.597748e+07
-7.727863e+02 3.893258e+02 1.560838e+02 1.596273e+07
-7.726221e+02 3.898183e+02 1.562812e+02 1.598292e+07
-7.724469e+02 3.907880e+02 1.566700e+02 1.602269e+07
-7.722673e+02 3.912842e+02 1.568689e+02 1.604303e+07
-7.720989e+02 3.901209e+02 1.564025e+02 1.599533e+07
-7.719391e+02 3.899359e+02 1.563283e+02 1.598775e+07
-7.717704e+02 3.856491e+02 1.546097e+02 1.581198e+07
-7.715829e+02 3.868652e+02 1.550973e+02 1.586185e+07
-7.713821e+02 3.857856e+02 1.546645e+02 1.581758e+07
-7.711780e+02 3.887869e+02 1.558677e+02 1.594064e+07
-7.709678e+02 3.902175e+02 1.564413e+02 1.599930e+07
-7.707523e+02 3.892857e+02 1.560677e+02 1.596109e+07
-7.705341e+02 3.894513e+02 1.561341e+02 1.596788e+07
-7.703077e+02 3.891684e+02 1.560207e+02 1.595628e+07
-7.700735e+02 3.926084e+02 1.573998e+02 1.609732e+07
-7.698388e+02 3.939277e+02 1.579287e+02 1.615141e+07
-7.696005e+02 3.908012e+02 1.566753e+02 1.602323e+07
-7.693561e+02 3.905073e+02 1.565575e+02 1.601118e+07
-7.691080e+02 3.905450e+02 1.565726e+02 1.601272e+07
-7.688558e+02 3.914099e+02 1.569193e+02 1.604818e+07
-7.685984e+02 3.914376e+02 1.569304e+02 1.604932e+07
-7.683292e+02 3.904207e+02 1.565227e+02 1.600763e+07
-7.680462e+02 3.914697e+02 1.569433e+02 1.605063e+07
-7.677596e+02 3.908537e+02 1.566963e+02 1.602538e+07
-7.674630e+02 3.931102e+02 1.576010e+02 1.611790e+07
-7.671516e+02 3.933203e+02 1.576852e+02 1.612651e+07
-7.668392e+02 3.935057e+02 1.577595e+02 1.613411e+07
-7.665216e+02 3.945278e+02 1.581693e+02 1.617602e+07
-7.661870e+02 3.924177e+02 1.573233e+02 1.608950e+07
-7.658414e+02 3.915018e+02 1.569562e+02 1.605195e+07
-7.654873e+02 3.890478e+02 1.559723e+02 1.595133e+07
-7.651187e+02 3.881551e+02 1.556144e+02 1.591473e+07
-7.647410e+02 3.882127e+02 1.556375e+02 1.591710e+07
-7.643558e+02 3.892930e+02 1.560706e+02 1.596139e+07
-7.639606e+02 3.885753e+02 1.557829e+02 1.593196e+07
-7.635634e+02 3.854980e+02 1.545492e+02 1.580579e+07
-7.631638e+02 3.838856e+02 1.539028e+02 1.573968e+07
-7.627593e+02 3.856281e+02 1.546013e+02 1.581112e+07
-7.623480e+02 3.846326e+02 1.542022e+02 1.577031e+07
-7.619245e+02 3.858665e+02 1.546969e+02 1.582090e+07
-7.614947e+02 3.866421e+02 1.550079e+02 1.585270e+07
-7.610646e+02 3.865854e+02 1.549851e+02 1.585037e+07
-7.606357e+02 3.853537e+02 1.544913e+02 1.579987e+07
-7.602064e+02 3.845770e+02 1.541800e+02 1.576803e+07
-7.597742e+02 3.813339e+02 1.528798e+02 1.563506e+07
-7.593474e+02 3.792954e+02 1.520625e+02 1.555148e+07
-7.589180e+02 3.792928e+02 1.520615e+02 1.555137e+07
-7.584781e+02 3.779124e+02 1.515081e+02 1.549477e+07
-7.580410e+02 3.763247e+02 1.508715e+02 1.542968e+07
-7.576111e+02 3.760714e+02 1.507700e+02 1.541929e+07
-7.571905e+02 3.752811e+02 1.504531e+02 1.538689e+07
-7.567792e+02 3.772926e+02 1.512596e+02 1.546936e+07
-7.563696e+02 3.787207e+02 1.518321e+02 1.552792e+07
-7.559644e+02 3.809247e+02 1.527157e+02 1.561828e+07
-7.555715e+02 3.794434e+02 1.521218e+02 1.555754e+07
-7.551832e+02 3.795313e+02 1.521571e+02 1.556115e+07
-7.547874e+02 3.811664e+02 1.528126e+02 1.562819e+07
-7.543808e+02 3.796210e+02 1.521930e+02 1.556483e+07
-7.539661e+02 3.813767e+02 1.528969e+02 1.563681e+07
-7.535490e+02 3.822850e+02 1.532610e+02 1.567405e+07
-7.531344e+02 3.803600e+02 1.524893e+02 1.559513e+07
-7.527217e+02 3.816686e+02 1.530140e+02 1.564878e+07
-7.523015e+02 3.829018e+02 1.535083e+02 1.569934e+07
-7.518731e+02 3.839469e+02 1.539273e+02 1.574219e+07
-7.514444e+02 3.861899e+02 1.548265e+02 1.583416e+07
-7.510116e+02 3.859592e+02 1.547341e+02 1.582470e+07
-7.505823e+02 3.873865e+02 1.553063e+02 1.588322e+07
-7.501590e+02 3.888681e+02 1.559003e+02 1.594397e+07
-7.497277e+02 3.890769e+02 1.559840e+02 1.595253e+07
-7.492899e+02 3.909323e+02 1.567278e+02 1.602860e+07
-7.488599e+02 3.887823e+02 1.558659e+02 1.594045e+07
-7.484367e+02 3.870588e+02 1.551749e+02 1.586979e+07
-7.480175e+02 3.888472e+02 1.558919e+02 1.594311e+07
-7.475999e+02 3.898083e+02 1.562772e+02 1.598252e+07
-7.471753e+02 3.887217e+02 1.558416e+02 1.593796e+07
-7.467456e+02 3.897328e+02 1.562469e+02 1.597942e+07
-7.463114e+02 3.893293e+02 1.560852e+02 1.596288e+07
-7.458811e+02 3.902493e+02 1.564540e+02 1.600060e+07
-7.454672e+02 3.933929e+02 1.577143e+02 1.612949e+07
-7.450732e+02 3.951343e+02 1.584125e+02 1.620089e+07
-7.446991e+02 3.925518e+02 1.573771e+02 1.609500e+07
-7.443425e+02 3.923823e+02 1.573091e+02 1.608805e+07
-7.439958e+02 3.931642e+02 1.576226e+02 1.612011e+07
-7.436491e+02 3.932387e+02 1.576525e+02 1.612317e+07
-7.432963e+02 3.909772e+02 1.567458e+02 1.603044e+07
-7.429438e+02 3.890718e+02 1.559819e+02 1.595232e+07
-7.425887e+02 3.879072e+02 1.555150e+02 1.590457e+07
-7.422289e+02 3.897012e+02 1.562343e+02 1.597813e+07
-7.418703e+02 3.886284e+02 1.558042e+02 1.593414e+07
-7.415166e+02 3.890772e+02 1.559841e+02 1.595254e+07
-7.411710e+02 3.900361e+02 1.563685e+02 1.599186e+07
-7.408348e+02 3.905002e+02 1.565546e+02 1.601088e+07
-7.405030e+02 3.910242e+02 1.567647e+02 1.603237e+07
-7.401694e+02 3.916522e+02 1.570165e+02 1.605812e+07
-7.398362e+02 3.899270e+02 1.563248e+02 1.598738e+07
-7.395047e+02 3.883824e+02 1.557055e+02 1.592405e+07
-7.391733e+02 3.893158e+02 1.560798e+02 1.596232e+07
-7.388423e+02 3.894221e+02 1.561224e+02 1.596668e+07
-7.385043e+02 3.918820e+02 1.571086e+02 1.606754e+07
-7.381566e+02 3.953438e+02 1.584964e+02 1.620948e+07
-7.378012e+02 3.955804e+02 1.585913e+02 1.621918e+07
-7.374456e+02 3.965935e+02 1.589974e+02 1.626071e+07
-7.370894e+02 3.981556e+02 1.596237e+02 1.632476e+07
-7.367252e+02 3.979625e+02 1.595463e+02 1.631685e+07
-7.363597e+02 3.971638e+02 1.592261e+02 1.628410e+07
-7.359981e+02 3.955627e+02 1.585842e+02 1.621845e+07
-7.356434e+02 3.965697e+02 1.589879e+02 1.625974e+07
-7.352873e+02 3.963772e+02 1.589107e+02 1.625185e+07
-7.349294e+02 3.958487e+02 1.586989e+02 1.623018e+07
-7.345818e+02 3.982117e+02 1.596462e+02 1.632706e+07
-7.342412e+02 3.990363e+02 1.599768e+02 1.636087e+07
-7.339029e+02 3.956565e+02 1.586218e+02 1.622230e+07
-7.335593e+02 3.957041e+02 1.586409e+02 1.622425e+07
-7.332045e+02 3.947880e+02 1.582736e+02 1.618669e+07
-7.328391e+02 3.948613e+02 1.583030e+02 1.618970e+07
-7.324706e+02 3.936844e+02 1.578312e+02 1.614144e+07
-7.321066e+02 3.937837e+02 1.578710e+02 1.614551e+07
-7.317405e+02 3.914459e+02 1.569337e+02 1.604966e+07
-7.313724e+02 3.916800e+02 1.570276e+02 1.605926e+07
-7.310004e+02 3.911206e+02 1.568033e+02 1.603632e+07
-7.306182e+02 3.916409e+02 1.570119e+02 1.605766e+07
-7.302275e+02 3.951123e+02 1.584036e+02 1.619999e+07
-7.298365e+02 3.946019e+02 1.581990e+02 1.617906e+07
-7.294508e+02 3.945954e+02 1.581964e+02 1.617879e+07
-7.290646e+02 3.948664e+02 1.583050e+02 1.618990e+07
-7.286710e+02 3.965148e+02 1.589659e+02 1.625749e+07
-7.282673e+02 3.970441e+02 1.591781e+02 1.627919e+07
-7.278522e+02 3.959191e+02 1.587271e+02 1.623307e+07
-7.274377e+02 3.941942e+02 1.580355e+02 1.616234e+07
-7.270332e+02 3.924664e+02 1.573429e+02 1.609150e+07
-7.266344e+02 3.921306e+02 1.572082e+02 1.607773e+07
-7.262387e+02 3.941923e+02 1.580348e+02 1.616226e+07
-7.258396e+02 3.917444e+02 1.570534e+02 1.606190e+07
-7.254350e+02 3.876575e+02 1.554149e+02 1.589433e+07
-7.250251e+02 3.887429e+02 1.558501e+02 1.593884e+07
-7.246074e+02 3.883646e+02 1.556984e+02 1.592332e+07
-7.241887e+02 3.877586e+02 1.554555e+02 1.589848e+07
-7.237804e+02 3.880283e+02 1.555636e+02 1.590954e+07
-7.233768e+02 3.861063e+02 1.547930e+02 1.583073e+07
-7.229719e+02 3.872020e+02 1.552323e+02 1.587566e+07
-7.225648e+02 3.844044e+02 1.541107e+02 1.576095e+07
-7.221575e+02 3.823595e+02 1.532909e+02 1.567711e+07
-7.217560e+02 3.835488e+02 1.537677e+02 1.572587e+07
-7.213616e+02 3.806369e+02 1.526003e+02 1.560648e+07
-7.209734e+02 3.811453e+02 1.528041e+02 1.562732e+07
-7.205925e+02 3.815482e+02 1.529657e+02 1.564384e+07
-7.202236e+02 3.831303e+02 1.536000e+02 1.570871e+07
-7.198698e+02 3.857608e+02 1.546545e+02 1.581657e+07
-7.195261e+02 3.849716e+02 1.543381e+02 1.578421e+07
-7.191908e+02 3.814501e+02 1.529263e+02 1.563982e+07
-7.188703e+02 3.826280e+02 1.533986e+02 1.568812e+07
-7.185580e+02 3.853147e+02 1.544757e+02 1.579827e+07
-7.182447e+02 3.839538e+02 1.539301e+02 1.574248e+07
-7.179283e+02 3.856547e+02 1.546120e+02 1.581222e+07
-7.176077e+02 3.848723e+02 1.542983e+02 1.578014e+07
-7.172929e+02 3.852404e+02 1.544459e+02 1.579523e+07
-7.169849e+02 3.841936e+02 1.540262e+02 1.575231e+07
-7.166807e+02 3.846552e+02 1.542113e+02 1.577124e+07
-7.163886e+02 3.847484e+02 1.542487e+02 1.577506e+07
-7.161133e+02 3.839049e+02 1.539105e+02 1.574047e+07
-7.158407e+02 3.819491e+02 1.531264e+02 1.566028e+07
-7.155650e+02 3.792800e+02 1.520563e+02 1.555084e+07
-7.153084e+02 3.802375e+02 1.524402e+02 1.559011e+07
-7.150719e+02 3.776944e+02 1.514206e+02 1.548583e+07
-7.148410e+02 3.752775e+02 1.504517e+02 1.538674e+07
-7.146149e+02 3.725635e+02 1.493636e+02 1.527546e+07
-7.143947e+02 3.747304e+02 1.502324e+02 1.536431e+07
-7.141773e+02 3.745133e+02 1.501453e+02 1.535541e+07
-7.139589e+02 3.742728e+02 1.500489e+02 1.534554e+07
-7.137334e+02 3.734456e+02 1.497173e+02 1.531163e+07
-7.135035e+02 3.718880e+02 1.490928e+02 1.524777e+07
-7.132752e+02 3.699530e+02 1.483171e+02 1.516843e+07
-7.130434e+02 3.663596e+02 1.468764e+02 1.502110e+07
-7.128059e+02 3.672620e+02 1.472382e+02 1.505810e+07
-7.125658e+02 3.670860e+02 1.471677e+02 1.505088e+07
-7.123206e+02 3.683556e+02 1.476767e+02 1.510294e+07
-7.120757e+02 3.699505e+02 1.483161e+02 1.516833e+07
-7.118367e+02 3.693050e+02 1.480573e+02 1.514186e+07
-7.116009e+02 3.722182e+02 1.492252e+02 1.526130e+07
-7.113754e+02 3.713225e+02 1.488661e+02 1.522458e+07
-7.111584e+02 3.726621e+02 1.494032e+02 1.527951e+07
-7.109395e+02 3.744460e+02 1.501184e+02 1.535265e+07
-7.107290e+02 3.729322e+02 1.495114e+02 1.529058e+07
-7.105322e+02 3.699618e+02 1.483206e+02 1.516879e+07
-7.103436e+02 3.701102e+02 1.483801e+02 1.517487e+07
-7.101664e+02 3.706015e+02 1.485771e+02 1.519502e+07
-7.099993e+02 3.690301e+02 1.479471e+02 1.513059e+07
-7.098305e+02 3.671227e+02 1.471824e+02 1.505238e+07
-7.096669e+02 3.680364e+02 1.475487e+02 1.508985e+07
-7.095198e+02 3.674720e+02 1.473224e+02 1.506671e+07
-7.093881e+02 3.653032e+02 1.464529e+02 1.497778e+07
-7.092663e+02 3.634434e+02 1.457073e+02 1.490153e+07
-7.091498e+02 3.630653e+02 1.455557e+02 1.488603e+07
-7.090374e+02 3.623673e+02 1.452759e+02 1.485741e+07
-7.089244e+02 3.635063e+02 1.457325e+02 1.490411e+07
-7.088193e+02 3.654369e+02 1.465065e+02 1.498327e+07
-7.087315e+02 3.673364e+02 1.472681e+02 1.506115e+07
-7.086544e+02 3.690667e+02 1.479617e+02 1.513209e+07
-7.085795e+02 3.681138e+02 1.475797e+02 1.509302e+07
-7.085067e+02 3.656310e+02 1.465843e+02 1.499122e+07
-7.084369e+02 3.672469e+02 1.472322e+02 1.505748e+07
-7.083654e+02 3.658242e+02 1.466618e+02 1.499915e+07
-7.082982e+02 3.647090e+02 1.462147e+02 1.495342e+07
-7.082382e+02 3.656094e+02 1.465757e+02 1.499034e+07
-7.081795e+02 3.683852e+02 1.476885e+02 1.510415e+07
-7.081173e+02 3.660292e+02 1.467440e+02 1.500755e+07
-7.080510e+02 3.648177e+02 1.462583e+02 1.495788e+07
-7.079809e+02 3.686707e+02 1.478030e+02 1.511586e+07
-7.079133e+02 3.697276e+02 1.482267e+02 1.515919e+07
-7.078554e+02 3.692200e+02 1.480232e+02 1.513838e+07
-7.078060e+02 3.690143e+02 1.479407e+02 1.512994e+07
-7.077585e+02 3.695648e+02 1.481614e+02 1.515251e+07
-7.077091e+02 3.735500e+02 1.497591e+02 1.531591e+07
-7.076603e+02 3.707815e+02 1.486492e+02 1.520240e+07
-7.076137e+02 3.704071e+02 1.484991e+02 1.518705e+07
-7.075715e+02 3.687729e+02 1.478440e+02 1.512004e+07
-7.075275e+02 3.713076e+02 1.488601e+02 1.522397e+07
-7.074783e+02 3.695118e+02 1.481402e+02 1.515034e+07
-7.074256e+02 3.703370e+02 1.484710e+02 1.518417e+07
-7.073770e+02 3.704725e+02 1.485253e+02 1.518973e+07
-7.073355e+02 3.679124e+02 1.474989e+02 1.508476e+07
-7.072921e+02 3.663024e+02 1.468535e+02 1.501875e+07
-7.072443e+02 3.650730e+02 1.463606e+02 1.496834e+07
-7.071959e+02 3.655457e+02 1.465501e+02 1.498773e+07
-7.071467e+02 3.653218e+02 1.464604e+02 1.497855e+07
-7.070957e+02 3.665889e+02 1.469684e+02 1.503050e+07
-7.070507e+02 3.671843e+02 1.472071e+02 1.505491e+07
-7.070042e+02 3.681158e+02 1.475805e+02 1.509310e+07
-7.069575e+02 3.693809e+02 1.480877e+02 1.514497e+07
-7.069244e+02 3.671027e+02 1.471744e+02 1.505157e+07
-7.069058e+02 3.692909e+02 1.480516e+02 1.514128e+07
-7.068968e+02 3.705149e+02 1.485423e+02 1.519147e+07
-7.068905e+02 3.702453e+02 1.484342e+02 1.518041e+07
-7.068831e+02 3.709607e+02 1.487210e+02 1.520974e+07
-7.068698e+02 3.696066e+02 1.481782e+02 1.515423e+07
-7.068518e+02 3.716068e+02 1.489801e+02 1.523624e+07
-7.068298e+02 3.723720e+02 1.492869e+02 1.526761e+07
-7.068089e+02 3.757478e+02 1.506402e+02 1.540602e+07
-7.067896e+02 3.782503e+02 1.516435e+02 1.550863e+07
-7.067630e+02 3.777765e+02 1.514536e+02 1.548920e+07
-7.067222e+02 3.777012e+02 1.514234e+02 1.548611e+07
-7.066693e+02 3.800672e+02 1.523719e+02 1.558312e+07
-7.066178e+02 3.802372e+02 1.524401e+02 1.559009e+07
-7.065649e+02 3.822519e+02 1.532478e+02 1.567270e+07
-7.065068e+02 3.818768e+02 1.530974e+02 1.565732e+07
-7.064501e+02 3.830042e+02 1.535494e+02 1.570354e+07
-7.063945e+02 3.851235e+02 1.543990e+02 1.579044e+07
-7.063385e+02 3.831980e+02 1.536271e+02 1.571149e+07
-7.062829e+02 3.837114e+02 1.538329e+02 1.573254e+07
-7.062348e+02 3.845981e+02 1.541884e+02 1.576889e+07
-7.061974e+02 3.843292e+02 1.540806e+02 1.575787e+07
-7.061593e+02 3.863601e+02 1.548948e+02 1.584114e+07
-7.061140e+02 3.846145e+02 1.541950e+02 1.576956e+07
-7.060615e+02 3.838781e+02 1.538997e+02 1.573937e+07
-7.060062e+02 3.849082e+02 1.543127e+02 1.578161e+07
-7.059520e+02 3.866631e+02 1.550163e+02 1.585356e+07
-7.058983e+02 3.888412e+02 1.558895e+02 1.594286e+07
-7.058429e+02 3.879156e+02 1.555184e+02 1.590491e+07
-7.057864e+02 3.892797e+02 1.560653e+02 1.596084e+07
-7.057307e+02 3.874380e+02 1.553269e+02 1.588533e+07
-7.056756e+02 3.919709e+02 1.571442e+02 1.607118e+07
-7.056163e+02 3.925803e+02 1.573885e+02 1.609617e+07
-7.055496e+02 3.921047e+02 1.571978e+02 1.607667e+07
-7.054750e+02 3.934868e+02 1.577520e+02 1.613334e+07
-7.053923e+02 3.965128e+02 1.589651e+02 1.625741e+07
-7.053014e+02 3.991914e+02 1.600390e+02 1.636723e+07
-7.052081e+02 4.028024e+02 1.614866e+02 1.651529e+07
-7.051180e+02 4.030057e+02 1.615681e+02 1.652362e+07
-7.050232e+02 4.067233e+02 1.630586e+02 1.667605e+07
-7.049252e+02 4.087025e+02 1.638520e+02 1.675720e+07
-7.048235e+02 4.131392e+02 1.656307e+02 1.693911e+07
-7.047136e+02 4.135365e+02 1.657900e+02 1.695540e+07
-7.045956e+02 4.138163e+02 1.659022e+02 1.696687e+07
-7.044699e+02 4.122746e+02 1.652841e+02 1.690366e+07
-7.043367e+02 4.135977e+02 1.658146e+02 1.695790e+07
-7.041957e+02 4.134556e+02 1.657576e+02 1.695208e+07
-7.040473e+02 4.121413e+02 1.652307e+02 1.689819e+07
-7.038862e+02 4.099507e+02 1.643524e+02 1.680837e+07
-7.037204e+02 4.091135e+02 1.640168e+02 1.677405e+07
-7.035537e+02 4.083707e+02 1.637190e+02 1.674359e+07
-7.033786e+02 4.120466e+02 1.651927e+02 1.689431e+07
-7.031960e+02 4.143345e+02 1.661099e+02 1.698811e+07
-7.030043e+02 4.135269e+02 1.657862e+02 1.695500e+07
-7.027990e+02 4.126976e+02 1.654537e+02 1.692100e+07
-7.025836e+02 4.118246e+02 1.651037e+02 1.688521e+07
-7.023575e+02 4.077323e+02 1.634631e+02 1.671742e+07
-7.021215e+02 4.056399e+02 1.626242e+02 1.663163e+07
-7.018785e+02 4.065873e+02 1.630040e+02 1.667047e+07
-7.016237e+02 4.059087e+02 1.627320e+02 1.664265e+07
-7.013528e+02 4.091636e+02 1.640369e+02 1.677610e+07
-7.010625e+02 4.115240e+02 1.649832e+02 1.687288e+07
-7.007577e+02 4.104190e+02 1.645402e+02 1.682757e+07
-7.004432e+02 4.122561e+02 1.652767e+02 1.690290e+07
-7.001228e+02 4.119821e+02 1.651669e+02 1.689166e+07
-6.997922e+02 4.118764e+02 1.651245e+02 1.688733e+07
-6.994443e+02 4.103714e+02 1.645211e+02 1.682562e+07
-6.990823e+02 4.102112e+02 1.644569e+02 1.681905e+07
-6.987036e+02 4.104008e+02 1.645329e+02 1.682683e+07
-6.983129e+02 4.106335e+02 1.646262e+02 1.683637e+07
-6.979169e+02 4.105021e+02 1.645735e+02 1.683098e+07
-6.975058e+02 4.119873e+02 1.651690e+02 1.689188e+07
-6.970732e+02 4.131022e+02 1.656159e+02 1.693759e+07
-6.966215e+02 4.134206e+02 1.657435e+02 1.695064e+07
-6.961569e+02 4.123671e+02 1.653212e+02 1.690745e+07
-6.956765e+02 4.124867e+02 1.653692e+02 1.691235e+07
-6.951805e+02 4.098599e+02 1.643161e+02 1.680465e+07
-6.946741e+02 4.116767e+02 1.650444e+02 1.687914e+07
-6.941585e+02 4.129088e+02 1.655384e+02 1.692966e+07
-6.936392e+02 4.112743e+02 1.648831e+02 1.686264e+07
-6.931146e+02 4.116833e+02 1.650471e+02 1.687941e+07
-6.925781e+02 4.144541e+02 1.661579e+02 1.699302e+07
-6.920336e+02 4.154903e+02 1.665733e+02 1.703550e+07
-6.914848e+02 4.153730e+02 1.665263e+02 1.703069e+07
-6.909340e+02 4.173140e+02 1.673045e+02 1.711028e+07
-6.903853e+02 4.163387e+02 1.669134e+02 1.707029e+07
-6.898346e+02 4.174472e+02 1.673579e+02 1.711574e+07
-6.892763e+02 4.192478e+02 1.680797e+02 1.718956e+07
-6.887122e+02 4.150329e+02 1.663899e+02 1.701675e+07
-6.881420e+02 4.160322e+02 1.667906e+02 1.705772e+07
-6.875600e+02 4.175074e+02 1.673820e+02 1.711820e+07
-6.869704e+02 4.168514e+02 1.671190e+02 1.709131e+07
-6.863725e+02 4.159424e+02 1.667546e+02 1.705404e+07
-6.857597e+02 4.149397e+02 1.663526e+02 1.701293e+07
-6.851356e+02 4.144996e+02 1.661762e+02 1.699488e+07
-6.845029e+02 4.140878e+02 1.660110e+02 1.697800e+07
-6.838637e+02 4.178268e+02 1.675101e+02 1.713130e+07
-6.832260e+02 4.161973e+02 1.668568e+02 1.706449e+07
-6.825906e+02 4.165438e+02 1.669957e+02 1.707870e+07
-6.819451e+02 4.166726e+02 1.670473e+02 1.708398e+07
-6.812868e+02 4.168620e+02 1.671233e+02 1.709174e+07
-6.806238e+02 4.163909e+02 1.669344e+02 1.707243e+07
-6.799558e+02 4.157779e+02 1.666886e+02 1.704730e+07
-6.792886e+02 4.155487e+02 1.665967e+02 1.703790e+07
-6.786236e+02 4.149470e+02 1.663555e+02 1.701323e+07
-6.779499e+02 4.144028e+02 1.661374e+02 1.699092e+07
-6.772677e+02 4.153529e+02 1.665182e+02 1.702987e+07
-6.765833e+02 4.157958e+02 1.666958e+02 1.704803e+07
-6.758985e+02 4.117365e+02 1.650684e+02 1.688160e+07
-6.752136e+02 4.102818e+02 1.644852e+02 1.682195e+07
-6.745273e+02 4.106784e+02 1.646442e+02 1.683821e+07
-6.738396e+02 4.094708e+02 1.641600e+02 1.678870e+07
-6.731489e+02 4.080341e+02 1.635841e+02 1.672979e+07
-6.724588e+02 4.063812e+02 1.629214e+02 1.666202e+07
-6.717787e+02 4.021174e+02 1.612120e+02 1.648720e+07
-6.711082e+02 4.031868e+02 1.616407e+02 1.653105e+07
-6.704383e+02 4.029426e+02 1.615428e+02 1.652103e+07
-6.697785e+02 4.027212e+02 1.614541e+02 1.651196e+07
-6.691323e+02 4.023203e+02 1.612934e+02 1.649552e+07
-6.684951e+02 3.996596e+02 1.602267e+02 1.638643e+07
-6.678690e+02 4.012705e+02 1.608725e+02 1.645248e+07
-6.672495e+02 3.990519e+02 1.599830e+02 1.636151e+07
-6.666353e+02 3.996798e+02 1.602348e+02 1.638726e+07
-6.660265e+02 3.984452e+02 1.597398e+02 1.633664e+07
-6.654274e+02 3.991252e+02 1.600124e+02 1.636452e+07
-6.648446e+02 4.011340e+02 1.608178e+02 1.644688e+07
-6.642666e+02 4.012932e+02 1.608816e+02 1.645341e+07
-6.636863e+02 4.023688e+02 1.613128e+02 1.649751e+07
-6.631086e+02 4.010957e+02 1.608024e+02 1.644531e+07
-6.625409e+02 4.031811e+02 1.616385e+02 1.653081e+07
-6.619868e+02 4.027851e+02 1.614797e+02 1.651458e+07
-6.614453e+02 4.002235e+02 1.604527e+02 1.640955e+07
-6.609129e+02 3.998324e+02 1.602959e+02 1.639351e+07
-6.603853e+02 4.010177e+02 1.607711e+02 1.644211e+07
-6.598772e+02 4.019163e+02 1.611314e+02 1.647896e+07
-6.593837e+02 4.023105e+02 1.612895e+02 1.649512e+07
-6.588974e+02 4.043085e+02 1.620905e+02 1.657704e+07
-6.584205e+02 4.005524e+02 1.605846e+02 1.642304e+07
-6.579575e+02 3.992659e+02 1.600689e+02 1.637029e+07
-6.575107e+02 3.994917e+02 1.601594e+02 1.637955e+07
-6.570645e+02 3.986735e+02 1.598313e+02 1.634600e+07
-6.566081e+02 3.953418e+02 1.584956e+02 1.620940e+07
-6.561443e+02 3.969507e+02 1.591407e+02 1.627536e+07
-6.556858e+02 3.937980e+02 1.578767e+02 1.614610e+07
-6.552388e+02 3.891093e+02 1.559970e+02 1.595386e+07
-6.548045e+02 3.902294e+02 1.564460e+02 1.599978e+07
-6.543845e+02 3.904608e+02 1.565388e+02 1.600927e+07
-6.539724e+02 3.885605e+02 1.557769e+02 1.593135e+07
-6.535674e+02 3.863572e+02 1.548936e+02 1.584102e+07
-6.531730e+02 3.856165e+02 1.545967e+02 1.581065e+07
-6.527860e+02 3.815690e+02 1.529740e+02 1.564470e+07
-6.524127e+02 3.833069e+02 1.536707e+02 1.571595e+07
-6.520521e+02 3.807417e+02 1.526423e+02 1.561078e+07
-6.516968e+02 3.798564e+02 1.522874e+02 1.557448e+07
-6.513461e+02 3.782605e+02 1.516476e+02 1.550904e+07
-6.510005e+02 3.786402e+02 1.517998e+02 1.552461e+07
-6.506657e+02 3.808927e+02 1.527029e+02 1.561697e+07
-6.503480e+02 3.795823e+02 1.521775e+02 1.556324e+07
-6.500364e+02 3.827474e+02 1.534465e+02 1.569301e+07
-6.497220e+02 3.818722e+02 1.530956e+02 1.565713e+07
-6.494125e+02 3.790130e+02 1.519493e+02 1.553990e+07
-6.491152e+02 3.777518e+02 1.514437e+02 1.548819e+07
-6.488280e+02 3.781725e+02 1.516123e+02 1.550544e+07
-6.485528e+02 3.758416e+02 1.506778e+02 1.540987e+07
-6.482880e+02 3.757653e+02 1.506473e+02 1.540674e+07
-6.480270e+02 3.743422e+02 1.500767e+02 1.534839e+07
-6.477661e+02 3.738009e+02 1.498597e+02 1.532620e+07
-6.475071e+02 3.719947e+02 1.491356e+02 1.525214e+07
-6.472604e+02 3.730730e+02 1.495679e+02 1.529635e+07
-6.470274e+02 3.723479e+02 1.492772e+02 1.526662e+07
-6.468146e+02 3.720310e+02 1.491502e+02 1.525363e+07
-6.466183e+02 3.748053e+02 1.502624e+02 1.536738e+07
-6.464352e+02 3.735754e+02 1.497693e+02 1.531695e+07
-6.462538e+02 3.740382e+02 1.499549e+02 1.533593e+07
-6.460698e+02 3.767959e+02 1.510604e+02 1.544900e+07
-6.458996e+02 3.754100e+02 1.505048e+02 1.539217e+07
-6.457468e+02 3.750793e+02 1.503722e+02 1.537861e+07
-6.456051e+02 3.772605e+02 1.512467e+02 1.546804e+07
-6.454664e+02 3.777584e+02 1.514463e+02 1.548846e+07
-6.453371e+02 3.788240e+02 1.518735e+02 1.553215e+07
-6.452195e+02 3.776759e+02 1.514132e+02 1.548508e+07
-6.451066e+02 3.764825e+02 1.509348e+02 1.543615e+07
-6.449984e+02 3.756991e+02 1.506207e+02 1.540403e+07
-6.449011e+02 3.769040e+02 1.511038e+02 1.545343e+07
-6.448186e+02 3.762191e+02 1.508292e+02 1.542535e+07
-6.447591e+02 3.744380e+02 1.501151e+02 1.535232e+07
-6.447156e+02 3.751777e+02 1.504117e+02 1.538265e+07
-6.446703e+02 3.751343e+02 1.503943e+02 1.538087e+07
-6.446139e+02 3.740772e+02 1.499705e+02 1.533753e+07
-6.445538e+02 3.747657e+02 1.502465e+02 1.536575e+07
-6.444934e+02 3.758426e+02 1.506782e+02 1.540991e+07
-6.444229e+02 3.734671e+02 1.497259e+02 1.531251e+07
-6.443539e+02 3.743189e+02 1.500674e+02 1.534744e+07
-6.442919e+02 3.753177e+02 1.504678e+02 1.538839e+07
-6.442286e+02 3.791280e+02 1.519954e+02 1.554461e+07
-6.441680e+02 3.806248e+02 1.525955e+02 1.560598e+07
-6.441147e+02 3.793358e+02 1.520787e+02 1.555313e+07
-6.440612e+02 3.823315e+02 1.532797e+02 1.567596e+07
-6.439992e+02 3.788197e+02 1.518718e+02 1.553198e+07
-6.439265e+02 3.791542e+02 1.520059e+02 1.554569e+07
-6.438436e+02 3.797963e+02 1.522633e+02 1.557201e+07
-6.437563e+02 3.818021e+02 1.530675e+02 1.565426e+07
-6.436742e+02 3.823747e+02 1.532970e+02 1.567773e+07
-6.436045e+02 3.817014e+02 1.530271e+02 1.565013e+07
-6.435384e+02 3.840151e+02 1.539547e+02 1.574499e+07
-6.434725e+02 3.876773e+02 1.554229e+02 1.589514e+07
-6.434073e+02 3.902243e+02 1.564440e+02 1.599957e+07
-6.433552e+02 3.911231e+02 1.568043e+02 1.603642e+07
-6.433287e+02 3.895432e+02 1.561709e+02 1.597165e+07
-6.433064e+02 3.901110e+02 1.563986e+02 1.599493e+07
-6.432837e+02 3.904964e+02 1.565531e+02 1.601073e+07
-6.432757e+02 3.898112e+02 1.562784e+02 1.598264e+07
-6.432757e+02 3.886670e+02 1.558197e+02 1.593572e+07
-6.432752e+02 3.901374e+02 1.564092e+02 1.599601e+07
-6.432772e+02 3.892295e+02 1.560452e+02 1.595878e+07
-6.432883e+02 3.895742e+02 1.561834e+02 1.597292e+07
-6.433114e+02 3.892649e+02 1.560594e+02 1.596024e+07
-6.433395e+02 3.894816e+02 1.561462e+02 1.596912e+07
-6.433697e+02 3.894100e+02 1.561175e+02 1.596619e+07
-6.434047e+02 3.897408e+02 1.562502e+02 1.597975e+07
-6.434367e+02 3.896815e+02 1.562264e+02 1.597732e+07
-6.434574e+02 3.882059e+02 1.556348e+02 1.591681e+07
-6.434748e+02 3.905996e+02 1.565944e+02 1.601496e+07
-6.434842e+02 3.914684e+02 1.569428e+02 1.605058e+07
-6.434810e+02 3.907801e+02 1.566668e+02 1.602236e+07
-6.434683e+02 3.899062e+02 1.563165e+02 1.598653e+07
-6.434552e+02 3.902572e+02 1.564572e+02 1.600092e+07
-6.434462e+02 3.904056e+02 1.565167e+02 1.600701e+07
-6.434360e+02 3.912212e+02 1.568437e+02 1.604045e+07
-6.434252e+02 3.914735e+02 1.569448e+02 1.605079e+07
-6.434122e+02 3.925998e+02 1.573963e+02 1.609697e+07
-6.433954e+02 3.923211e+02 1.572846e+02 1.608554e+07
-6.433715e+02 3.954796e+02 1.585509e+02 1.621505e+07
-6.433442e+02 3.916660e+02 1.570220e+02 1.605868e+07
-6.433238e+02 3.924793e+02 1.573480e+02 1.609203e+07
-6.433071e+02 3.920661e+02 1.571824e+02 1.607509e+07
-6.432901e+02 3.934539e+02 1.577387e+02 1.613199e+07
-6.432801e+02 3.943974e+02 1.581170e+02 1.617067e+07
-6.432731e+02 3.947293e+02 1.582501e+02 1.618428e+07
-6.432634e+02 3.922079e+02 1.572392e+02 1.608090e+07
-6.432441e+02 3.952879e+02 1.584740e+02 1.620718e+07
-6.432186e+02 3.972843e+02 1.592744e+02 1.628904e+07
-6.431938e+02 3.961960e+02 1.588381e+02 1.624442e+07
-6.431621e+02 3.942345e+02 1.580517e+02 1.616399e+07
-6.431288e+02 3.943016e+02 1.580786e+02 1.616675e+07
-6.430978e+02 3.937331e+02 1.578507e+02 1.614344e+07
-6.430601e+02 3.917524e+02 1.570566e+02 1.606223e+07
-6.430117e+02 3.937872e+02 1.578724e+02 1.614565e+07
-6.429546e+02 3.945039e+02 1.581597e+02 1.617504e+07
-6.428929e+02 3.927248e+02 1.574464e+02 1.610209e+07
-6.428298e+02 3.939935e+02 1.579551e+02 1.615411e+07
-6.427634e+02 3.939634e+02 1.579430e+02 1.615288e+07
-6.426915e+02 3.940430e+02 1.579749e+02 1.615614e+07
-6.426148e+02 3.916369e+02 1.570103e+02 1.605749e+07
-6.425336e+02 3.884928e+02 1.557498e+02 1.592858e+07
-6.424508e+02 3.884756e+02 1.557429e+02 1.592787e+07
-6.423597e+02 3.865963e+02 1.549895e+02 1.585082e+07
-6.422692e+02 3.865287e+02 1.549624e+02 1.584805e+07
-6.421872e+02 3.851580e+02 1.544129e+02 1.579185e+07
-6.421075e+02 3.859026e+02 1.547114e+02 1.582238e+07
-6.420339e+02 3.841800e+02 1.540208e+02 1.575175e+07
-6.419718e+02 3.823309e+02 1.532795e+02 1.567594e+07
-6.419101e+02 3.832134e+02 1.536332e+02 1.571212e+07
-6.418344e+02 3.790372e+02 1.519590e+02 1.554089e+07
-6.417464e+02 3.797527e+02 1.522459e+02 1.557023e+07
-6.416527e+02 3.780813e+02 1.515758e+02 1.550170e+07
-6.415653e+02 3.807877e+02 1.526608e+02 1.561266e+07
-6.414843e+02 3.807822e+02 1.526586e+02 1.561244e+07
-6.413996e+02 3.823356e+02 1.532814e+02 1.567613e+07
-6.413020e+02 3.818146e+02 1.530725e+02 1.565477e+07
-6.412005e+02 3.795262e+02 1.521551e+02 1.556094e+07
-6.411045e+02 3.785473e+02 1.517626e+02 1.552080e+07
-6.410043e+02 3.787897e+02 1.518598e+02 1.553074e+07
-6.408978e+02 3.768904e+02 1.510983e+02 1.545287e+07
-6.407847e+02 3.753989e+02 1.505004e+02 1.539172e+07
-6.406740e+02 3.735820e+02 1.497720e+02 1.531722e+07
-6.405725e+02 3.763776e+02 1.508927e+02 1.543184e+07
-6.404727e+02 3.761651e+02 1.508076e+02 1.542313e+07
-6.403691e+02 3.759390e+02 1.507169e+02 1.541386e+07
-6.402580e+02 3.741923e+02 1.500166e+02 1.534224e+07
-6.401415e+02 3.760686e+02 1.507688e+02 1.541917e+07
-6.400202e+02 3.778649e+02 1.514890e+02 1.549282e+07
-6.398871e+02 3.761022e+02 1.507823e+02 1.542055e+07
-6.397475e+02 3.777279e+02 1.514341e+02 1.548721e+07
-6.396106e+02 3.780423e+02 1.515601e+02 1.550010e+07
-6.394653e+02 3.786059e+02 1.517861e+02 1.552321e+07
-6.393132e+02 3.789883e+02 1.519394e+02 1.553889e+07
-6.391543e+02 3.798601e+02 1.522889e+02 1.557463e+07
-6.389942e+02 3.769899e+02 1.511382e+02 1.545695e+07
-6.388333e+02 3.782709e+02 1.516518e+02 1.550947e+07
-6.386648e+02 3.763647e+02 1.508876e+02 1.543132e+07
-6.384954e+02 3.768729e+02 1.510913e+02 1.545215e+07
-6.383257e+02 3.776532e+02 1.514042e+02 1.548415e+07
-6.381529e+02 3.772801e+02 1.512546e+02 1.546885e+07
-6.379797e+02 3.770343e+02 1.511560e+02 1.545877e+07
-6.378050e+02 3.749599e+02 1.503244e+02 1.537372e+07
-6.376241e+02 3.746236e+02 1.501895e+02 1.535993e+07
-6.374454e+02 3.755319e+02 1.505537e+02 1.539717e+07
-6.372678e+02 3.762231e+02 1.508308e+02 1.542551e+07
-6.370876e+02 3.762475e+02 1.508406e+02 1.542651e+07
-6.369092e+02 3.785180e+02 1.517508e+02 1.551960e+07
-6.367271e+02 3.798198e+02 1.522727e+02 1.557298e+07
-6.365304e+02 3.792566e+02 1.520470e+02 1.554989e+07
-6.363212e+02 3.793272e+02 1.520753e+02 1.555278e+07
-6.361048e+02 3.814625e+02 1.529313e+02 1.564033e+07
-6.358861e+02 3.800907e+02 1.523813e+02 1.558408e+07
-6.356605e+02 3.791591e+02 1.520079e+02 1.554589e+07
-6.354238e+02 3.779142e+02 1.515088e+02 1.549485e+07
-6.351830e+02 3.788604e+02 1.518881e+02 1.553364e+07
-6.349440e+02 3.771186e+02 1.511898e+02 1.546223e+07
-6.347014e+02 3.778952e+02 1.515012e+02 1.549407e+07
-6.344475e+02 3.803555e+02 1.524875e+02 1.559494e+07
-6.341836e+02 3.809278e+02 1.527169e+02 1.561841e+07
-6.339099e+02 3.805609e+02 1.525698e+02 1.560336e+07
-6.336330e+02 3.787195e+02 1.518316e+02 1.552787e+07
-6.333592e+02 3.753284e+02 1.504721e+02 1.538883e+07
-6.330863e+02 3.767875e+02 1.510571e+02 1.544865e+07
-6.328120e+02 3.746467e+02 1.501988e+02 1.536088e+07
-6.325362e+02 3.752006e+02 1.504209e+02 1.538359e+07
-6.322599e+02 3.755434e+02 1.505583e+02 1.539764e+07
-6.319835e+02 3.775302e+02 1.513548e+02 1.547910e+07
-6.317139e+02 3.738651e+02 1.498855e+02 1.532883e+07
-6.314520e+02 3.751544e+02 1.504024e+02 1.538169e+07
-6.311895e+02 3.757682e+02 1.506484e+02 1.540686e+07
-6.309245e+02 3.743600e+02 1.500839e+02 1.534912e+07
-6.306552e+02 3.757637e+02 1.506466e+02 1.540668e+07
-6.303837e+02 3.765516e+02 1.509625e+02 1.543898e+07
-6.301156e+02 3.767657e+02 1.510483e+02 1.544776e+07
-6.298568e+02 3.761990e+02 1.508211e+02 1.542452e+07
-6.296109e+02 3.771696e+02 1.512102e+02 1.546432e+07
-6.293685e+02 3.774612e+02 1.513271e+02 1.547627e+07
-6.291212e+02 3.752753e+02 1.504508e+02 1.538665e+07
-6.288760e+02 3.758601e+02 1.506853e+02 1.541063e+07
-6.286368e+02 3.739024e+02 1.499004e+02 1.533036e+07
-6.283942e+02 3.734210e+02 1.497074e+02 1.531062e+07
-6.281445e+02 3.751967e+02 1.504193e+02 1.538343e+07
-6.278897e+02 3.762490e+02 1.508412e+02 1.542657e+07
-6.276380e+02 3.777646e+02 1.514488e+02 1.548871e+07
-6.273937e+02 3.784429e+02 1.517207e+02 1.551652e+07
-6.271573e+02 3.792186e+02 1.520317e+02 1.554833e+07
-6.269392e+02 3.784987e+02 1.517431e+02 1.551881e+07
-6.267331e+02 3.769341e+02 1.511158e+02 1.545466e+07
-6.265251e+02 3.788393e+02 1.518797e+02 1.553278e+07
-6.263124e+02 3.821587e+02 1.532104e+02 1.566888e+07
-6.260981e+02 3.814570e+02 1.529291e+02 1.564011e+07
-6.258881e+02 3.812623e+02 1.528510e+02 1.563212e+07
-6.256858e+02 3.798426e+02 1.522819e+02 1.557391e+07
-6.254902e+02 3.777375e+02 1.514379e+02 1.548760e+07
-6.252995e+02 3.778994e+02 1.515028e+02 1.549424e+07
-6.251150e+02 3.772485e+02 1.512419e+02 1.546755e+07
-6.249393e+02 3.770639e+02 1.511679e+02 1.545998e+07
-6.247748e+02 3.756597e+02 1.506049e+02 1.540241e+07
-6.246222e+02 3.741743e+02 1.500094e+02 1.534151e+07
-6.244752e+02 3.745723e+02 1.501690e+02 1.535782e+07
-6.243331e+02 3.738459e+02 1.498778e+02 1.532804e+07
-6.242031e+02 3.751268e+02 1.503913e+02 1.538056e+07
-6.240848e+02 3.761568e+02 1.508042e+02 1.542279e+07
-6.239788e+02 3.782587e+02 1.516469e+02 1.550897e+07
-6.238829e+02 3.793839e+02 1.520980e+02 1.555510e+07
-6.237944e+02 3.805618e+02 1.525702e+02 1.560340e+07
-6.237127e+02 3.820183e+02 1.531541e+02 1.566312e+07
-6.236369e+02 3.809886e+02 1.527413e+02 1.562090e+07
-6.235698e+02 3.806450e+02 1.526036e+02 1.560681e+07
-6.235034e+02 3.808784e+02 1.526971e+02 1.561638e+07
-6.234373e+02 3.803766e+02 1.524959e+02 1.559581e+07
-6.233841e+02 3.836339e+02 1.538018e+02 1.572936e+07
-6.233448e+02 3.864539e+02 1.549324e+02 1.584498e+07
-6.233097e+02 3.856186e+02 1.545975e+02 1.581073e+07
-6.232733e+02 3.839963e+02 1.539471e+02 1.574422e+07
-6.232353e+02 3.842662e+02 1.540554e+02 1.575529e+07
-6.231934e+02 3.845901e+02 1.541852e+02 1.576857e+07
-6.231539e+02 3.866775e+02 1.550221e+02 1.585415e+07
-6.231141e+02 3.866147e+02 1.549969e+02 1.585158e+07
-6.230715e+02 3.860118e+02 1.547552e+02 1.582686e+07
-6.230358e+02 3.850059e+02 1.543519e+02 1.578561e+07
-6.230112e+02 3.844897e+02 1.541449e+02 1.576445e+07
-6.229977e+02 3.828743e+02 1.534973e+02 1.569821e+07
-6.229852e+02 3.808363e+02 1.526803e+02 1.561466e+07
-6.229710e+02 3.798184e+02 1.522722e+02 1.557292e+07
-6.229558e+02 3.778255e+02 1.514732e+02 1.549121e+07
-6.229332e+02 3.800099e+02 1.523489e+02 1.558077e+07
-6.229088e+02 3.786713e+02 1.518123e+02 1.552589e+07
-6.228887e+02 3.785474e+02 1.517626e+02 1.552081e+07
-6.228666e+02 3.787332e+02 1.518371e+02 1.552843e+07
-6.228447e+02 3.798713e+02 1.522934e+02 1.557509e+07
-6.228279e+02 3.824666e+02 1.533339e+02 1.568150e+07
-6.228080e+02 3.850787e+02 1.543811e+02 1.578860e+07
-6.227811e+02 3.844725e+02 1.541380e+02 1.576374e+07
-6.227494e+02 3.831389e+02 1.536034e+02 1.570906e+07
-6.227088e+02 3.873613e+02 1.552962e+02 1.588219e+07
-6.226627e+02 3.876852e+02 1.554261e+02 1.589547e+07
-6.226165e+02 3.879393e+02 1.555279e+02 1.590589e+07
-6.225680e+02 3.890345e+02 1.559670e+02 1.595079e+07
-6.225186e+02 3.890644e+02 1.559790e+02 1.595201e+07
-6.224676e+02 3.877049e+02 1.554339e+02 1.589628e+07
-6.224156e+02 3.892344e+02 1.560471e+02 1.595898e+07
-6.223514e+02 3.907288e+02 1.566462e+02 1.602026e+07
-6.222759e+02 3.942910e+02 1.580744e+02 1.616631e+07
-6.222032e+02 3.949435e+02 1.583359e+02 1.619306e+07
-6.221315e+02 3.936627e+02 1.578224e+02 1.614055e+07
-6.220465e+02 3.948565e+02 1.583011e+02 1.618950e+07
-6.219471e+02 3.950435e+02 1.583761e+02 1.619717e+07
-6.218501e+02 3.941640e+02 1.580234e+02 1.616110e+07
-6.217532e+02 3.936719e+02 1.578262e+02 1.614093e+07
-6.216451e+02 3.931438e+02 1.576144e+02 1.611927e+07
-6.215312e+02 3.927727e+02 1.574657e+02 1.610406e+07
-6.214136e+02 3.922852e+02 1.572702e+02 1.608407e+07
-6.212858e+02 3.932573e+02 1.576599e+02 1.612393e+07
-6.211516e+02 3.935395e+02 1.577731e+02 1.613550e+07
-6.210102e+02 3.941839e+02 1.580314e+02 1.616192e+07
-6.208592e+02 3.921982e+02 1.572354e+02 1.608051e+07
-6.206927e+02 3.904532e+02 1.565358e+02 1.600896e+07
-6.205095e+02 3.901356e+02 1.564084e+02 1.599593e+07
-6.203201e+02 3.907025e+02 1.566357e+02 1.601918e+07
-6.201259e+02 3.899424e+02 1.563310e+02 1.598801e+07
-6.199233e+02 3.903848e+02 1.565083e+02 1.600615e+07
-6.197168e+02 3.906018e+02 1.565953e+02 1.601505e+07
-6.195124e+02 3.898243e+02 1.562836e+02 1.598317e+07
-6.193112e+02 3.913481e+02 1.568945e+02 1.604565e+07
-6.191060e+02 3.921340e+02 1.572096e+02 1.607787e+07
-6.188875e+02 3.919946e+02 1.571537e+02 1.607216e+07
-6.186549e+02 3.917194e+02 1.570434e+02 1.606087e+07
-6.184131e+02 3.881200e+02 1.556004e+02 1.591330e+07
-6.181682e+02 3.876387e+02 1.554074e+02 1.589356e+07
-6.179188e+02 3.862885e+02 1.548661e+02 1.583820e+07
-6.176636e+02 3.860050e+02 1.547524e+02 1.582658e+07
-6.174052e+02 3.862387e+02 1.548461e+02 1.583616e+07
-6.171446e+02 3.849222e+02 1.543183e+02 1.578218e+07
-6.168809e+02 3.856696e+02 1.546180e+02 1.581282e+07
-6.166062e+02 3.834798e+02 1.537401e+02 1.572304e+07
-6.163218e+02 3.813407e+02 1.528825e+02 1.563534e+07
-6.160377e+02 3.806242e+02 1.525952e+02 1.560596e+07
-6.157477e+02 3.810037e+02 1.527474e+02 1.562152e+07
-6.154487e+02 3.789939e+02 1.519416e+02 1.553912e+07
-6.151421e+02 3.781505e+02 1.516035e+02 1.550454e+07
-6.148316e+02 3.774198e+02 1.513106e+02 1.547458e+07
-6.145192e+02 3.763919e+02 1.508985e+02 1.543243e+07
-6.142022e+02 3.780152e+02 1.515493e+02 1.549899e+07
-6.138888e+02 3.771149e+02 1.511883e+02 1.546207e+07
-6.135840e+02 3.763752e+02 1.508918e+02 1.543174e+07
-6.132815e+02 3.719417e+02 1.491144e+02 1.524997e+07
-6.129748e+02 3.711537e+02 1.487984e+02 1.521766e+07
-6.126685e+02 3.705575e+02 1.485594e+02 1.519321e+07
-6.123650e+02 3.687519e+02 1.478355e+02 1.511918e+07
-6.120601e+02 3.699603e+02 1.483200e+02 1.516873e+07
-6.117516e+02 3.723704e+02 1.492862e+02 1.526755e+07
-6.114380e+02 3.742358e+02 1.500341e+02 1.534403e+07
-6.111202e+02 3.735739e+02 1.497687e+02 1.531689e+07
-6.107963e+02 3.745154e+02 1.501462e+02 1.535549e+07
-6.104678e+02 3.757182e+02 1.506284e+02 1.540481e+07
-6.101375e+02 3.755460e+02 1.505593e+02 1.539775e+07
-6.098053e+02 3.779706e+02 1.515314e+02 1.549716e+07
-6.094745e+02 3.779530e+02 1.515243e+02 1.549644e+07
-6.091453e+02 3.754685e+02 1.505283e+02 1.539457e+07
-6.088205e+02 3.727709e+02 1.494468e+02 1.528397e+07
-6.085074e+02 3.735047e+02 1.497410e+02 1.531405e+07
-6.082020e+02 3.705946e+02 1.485743e+02 1.519474e+07
-6.079021e+02 3.714735e+02 1.489267e+02 1.523077e+07
-6.076004e+02 3.682391e+02 1.476300e+02 1.509816e+07
-6.072940e+02 3.676559e+02 1.473961e+02 1.507424e+07
-6.069945e+02 3.679802e+02 1.475262e+02 1.508754e+07
-6.067025e+02 3.654262e+02 1.465022e+02 1.498283e+07
-6.064137e+02 3.667938e+02 1.470505e+02 1.503890e+07
-6.061225e+02 3.646701e+02 1.461991e+02 1.495183e+07
-6.058249e+02 3.681800e+02 1.476062e+02 1.509573e+07
-6.055290e+02 3.674683e+02 1.473209e+02 1.506656e+07
-6.052419e+02 3.657631e+02 1.466373e+02 1.499664e+07
-6.049672e+02 3.638503e+02 1.458704e+02 1.491821e+07
-6.046942e+02 3.642088e+02 1.460142e+02 1.493291e+07
-6.044190e+02 3.638325e+02 1.458633e+02 1.491748e+07
-6.041445e+02 3.645077e+02 1.461340e+02 1.494517e+07
-6.038653e+02 3.639514e+02 1.459110e+02 1.492236e+07
-6.035784e+02 3.670270e+02 1.471440e+02 1.504846e+07
-6.032775e+02 3.686317e+02 1.477873e+02 1.511425e+07
-6.029696e+02 3.700032e+02 1.483372e+02 1.517049e+07
-6.026640e+02 3.719423e+02 1.491146e+02 1.524999e+07
-6.023671e+02 3.738686e+02 1.498869e+02 1.532897e+07
-6.020775e+02 3.741927e+02 1.500168e+02 1.534226e+07
-6.017935e+02 3.721273e+02 1.491888e+02 1.525758e+07
-6.015199e+02 3.736077e+02 1.497822e+02 1.531827e+07
-6.012596e+02 3.743908e+02 1.500962e+02 1.535038e+07
-6.010057e+02 3.753519e+02 1.504815e+02 1.538979e+07
-6.007509e+02 3.778517e+02 1.514837e+02 1.549228e+07
-6.004956e+02 3.795336e+02 1.521580e+02 1.556124e+07
-6.002430e+02 3.805985e+02 1.525849e+02 1.560491e+07
-5.999850e+02 3.827295e+02 1.534393e+02 1.569228e+07
-5.997225e+02 3.822404e+02 1.532432e+02 1.567222e+07
-5.994620e+02 3.810748e+02 1.527759e+02 1.562444e+07
-5.991992e+02 3.839131e+02 1.539138e+02 1.574081e+07
-5.989387e+02 3.863568e+02 1.548935e+02 1.584100e+07
-5.986863e+02 3.872451e+02 1.552496e+02 1.587742e+07
-5.984491e+02 3.853249e+02 1.544798e+02 1.579869e+07
-5.982186e+02 3.839422e+02 1.539254e+02 1.574200e+07
-5.979836e+02 3.851238e+02 1.543992e+02 1.579045e+07
-5.977470e+02 3.862660e+02 1.548571e+02 1.583728e+07
-5.975159e+02 3.867375e+02 1.550461e+02 1.585661e+07
-5.972990e+02 3.867989e+02 1.550707e+02 1.585913e+07
-5.970922e+02 3.924260e+02 1.573267e+02 1.608984e+07
-5.968976e+02 3.949010e+02 1.583189e+02 1.619132e+07
-5.967128e+02 3.951187e+02 1.584062e+02 1.620025e+07
-5.965337e+02 3.955240e+02 1.585687e+02 1.621686e+07
-5.963654e+02 3.954658e+02 1.585454e+02 1.621448e+07
-5.962062e+02 3.997367e+02 1.602576e+02 1.638959e+07
-5.960537e+02 3.993491e+02 1.601022e+02 1.637370e+07
-5.958974e+02 3.957585e+02 1.586627e+02 1.622648e+07
-5.957348e+02 3.954937e+02 1.585565e+02 1.621562e+07
-5.955837e+02 3.955591e+02 1.585827e+02 1.621830e+07
-5.954517e+02 3.962810e+02 1.588722e+02 1.624790e+07
-5.953321e+02 3.935520e+02 1.577781e+02 1.613601e+07
-5.952201e+02 3.944726e+02 1.581471e+02 1.617376e+07
-5.951025e+02 3.971446e+02 1.592184e+02 1.628331e+07
-5.949752e+02 4.000092e+02 1.603668e+02 1.640076e+07
-5.948515e+02 4.001165e+02 1.604098e+02 1.640516e+07
-5.947420e+02 3.992451e+02 1.600605e+02 1.636944e+07
-5.946442e+02 3.991478e+02 1.600215e+02 1.636545e+07
-5.945524e+02 4.011851e+02 1.608383e+02 1.644898e+07
-5.944637e+02 4.023147e+02 1.612911e+02 1.649529e+07
-5.943785e+02 4.045336e+02 1.621807e+02 1.658627e+07
-5.942992e+02 4.053713e+02 1.625165e+02 1.662061e+07
-5.942249e+02 4.073262e+02 1.633003e+02 1.670077e+07
-5.941518e+02 4.074863e+02 1.633645e+02 1.670733e+07
-5.940845e+02 4.084487e+02 1.637503e+02 1.674679e+07
-5.940200e+02 4.115439e+02 1.649912e+02 1.687369e+07
-5.939500e+02 4.108194e+02 1.647007e+02 1.684399e+07
-5.938808e+02 4.115631e+02 1.649989e+02 1.687448e+07
-5.938125e+02 4.126714e+02 1.654432e+02 1.691993e+07
-5.937476e+02 4.135544e+02 1.657972e+02 1.695613e+07
-5.936898e+02 4.151673e+02 1.664438e+02 1.702226e+07
-5.936365e+02 4.148544e+02 1.663184e+02 1.700943e+07
-5.935786e+02 4.170655e+02 1.672048e+02 1.710009e+07
-5.935212e+02 4.205490e+02 1.686014e+02 1.724291e+07
-5.934707e+02 4.181087e+02 1.676231e+02 1.714286e+07
-5.934303e+02 4.190225e+02 1.679894e+02 1.718032e+07
-5.934015e+02 4.186536e+02 1.678415e+02 1.716520e+07
-5.933757e+02 4.189490e+02 1.679599e+02 1.717731e+07
-5.933481e+02 4.156320e+02 1.666301e+02 1.704131e+07
-5.933191e+02 4.187323e+02 1.678731e+02 1.716843e+07
-5.933039e+02 4.155678e+02 1.666044e+02 1.703868e+07
-5.933051e+02 4.136838e+02 1.658491e+02 1.696144e+07
-5.933127e+02 4.141053e+02 1.660181e+02 1.697872e+07
-5.933225e+02 4.142846e+02 1.660899e+02 1.698607e+07
-5.933330e+02 4.114353e+02 1.649476e+02 1.686924e+07
-5.933489e+02 4.099533e+02 1.643535e+02 1.680848e+07
-5.933658e+02 4.111724e+02 1.648422e+02 1.685847e+07
-5.933734e+02 4.106135e+02 1.646182e+02 1.683555e+07
-5.933792e+02 4.109573e+02 1.647560e+02 1.684965e+07
-5.933949e+02 4.118472e+02 1.651128e+02 1.688613e+07
-5.934312e+02 4.105425e+02 1.645897e+02 1.683264e+07
-5.934870e+02 4.089503e+02 1.639514e+02 1.676736e+07
-5.935572e+02 4.102862e+02 1.644870e+02 1.682213e+07
-5.936433e+02 4.115930e+02 1.650109e+02 1.687571e+07
-5.937393e+02 4.123330e+02 1.653075e+02 1.690605e+07
-5.938394e+02 4.122463e+02 1.652728e+02 1.690249e+07
-5.939389e+02 4.112810e+02 1.648858e+02 1.686292e+07
-5.940421e+02 4.124388e+02 1.653499e+02 1.691039e+07
-5.941466e+02 4.118080e+02 1.650971e+02 1.688453e+07
-5.942559e+02 4.102989e+02 1.644920e+02 1.682265e+07
-5.943833e+02 4.090284e+02 1.639827e+02 1.677056e+07
-5.945244e+02 4.091566e+02 1.640341e+02 1.677582e+07
-5.946682e+02 4.087021e+02 1.638519e+02 1.675718e+07
-5.948094e+02 4.102678e+02 1.644796e+02 1.682137e+07
-5.949498e+02 4.113062e+02 1.648959e+02 1.686395e+07
-5.950925e+02 4.129071e+02 1.655377e+02 1.692959e+07
-5.952319e+02 4.124815e+02 1.653671e+02 1.691214e+07
-5.953645e+02 4.115263e+02 1.649841e+02 1.687298e+07
-5.954973e+02 4.122643e+02 1.652800e+02 1.690323e+07
-5.956298e+02 4.126816e+02 1.654473e+02 1.692034e+07
-5.957596e+02 4.127279e+02 1.654658e+02 1.692224e+07
-5.958887e+02 4.123336e+02 1.653078e+02 1.690607e+07
-5.960150e+02 4.102968e+02 1.644912e+02 1.682257e+07
-5.961380e+02 4.104519e+02 1.645534e+02 1.682892e+07
-5.962664e+02 4.101167e+02 1.644190e+02 1.681518e+07
-5.964061e+02 4.108930e+02 1.647302e+02 1.684701e+07
-5.965522e+02 4.115480e+02 1.649928e+02 1.687387e+07
-5.966970e+02 4.109559e+02 1.647555e+02 1.684959e+07
-5.968460e+02 4.090724e+02 1.640003e+02 1.677236e+07
-5.970054e+02 4.080154e+02 1.635766e+02 1.672903e+07
-5.971724e+02 4.094070e+02 1.641345e+02 1.678608e+07
-5.973432e+02 4.080485e+02 1.635899e+02 1.673038e+07
-5.975180e+02 4.043386e+02 1.621025e+02 1.657827e+07
-5.976938e+02 4.052469e+02 1.624667e+02 1.661551e+07
-5.978621e+02 4.062212e+02 1.628573e+02 1.665546e+07
-5.980255e+02 4.060528e+02 1.627898e+02 1.664856e+07
-5.981857e+02 4.063856e+02 1.629232e+02 1.666220e+07
-5.983443e+02 4.071378e+02 1.632247e+02 1.669304e+07
-5.984919e+02 4.079865e+02 1.635650e+02 1.672784e+07
-5.986267e+02 4.088883e+02 1.639265e+02 1.676481e+07
-5.987599e+02 4.106465e+02 1.646314e+02 1.683690e+07
-5.988967e+02 4.104539e+02 1.645542e+02 1.682901e+07
-5.990339e+02 4.118473e+02 1.651128e+02 1.688614e+07
-5.991722e+02 4.116847e+02 1.650476e+02 1.687947e+07
-5.993133e+02 4.136376e+02 1.658306e+02 1.695954e+07
-5.994552e+02 4.130772e+02 1.656059e+02 1.693656e+07
-5.995963e+02 4.123889e+02 1.653299e+02 1.690834e+07
-5.997297e+02 4.128176e+02 1.655018e+02 1.692592e+07
-5.998492e+02 4.124088e+02 1.653379e+02 1.690916e+07
-5.999543e+02 4.116236e+02 1.650231e+02 1.687696e+07
-6.000473e+02 4.105532e+02 1.645940e+02 1.683308e+07
-6.001283e+02 4.118943e+02 1.651316e+02 1.688806e+07
-6.002038e+02 4.111766e+02 1.648439e+02 1.685864e+07
-6.002703e+02 4.138280e+02 1.659069e+02 1.696735e+07
-6.003299e+02 4.137556e+02 1.658779e+02 1.696438e+07
-6.003799e+02 4.150218e+02 1.663855e+02 1.701630e+07
-6.004189e+02 4.176647e+02 1.674450e+02 1.712465e+07
-6.004648e+02 4.175086e+02 1.673825e+02 1.711825e+07
-6.005128e+02 4.190127e+02 1.679855e+02 1.717993e+07
-6.005469e+02 4.203729e+02 1.685308e+02 1.723569e+07
-6.005645e+02 4.193936e+02 1.681382e+02 1.719554e+07
-6.005630e+02 4.163109e+02 1.669023e+02 1.706915e+07
-6.005490e+02 4.163340e+02 1.669116e+02 1.707010e+07
-6.005286e+02 4.151219e+02 1.664256e+02 1.702040e+07
-6.004986e+02 4.142731e+02 1.660854e+02 1.698560e+07
-6.004573e+02 4.134013e+02 1.657358e+02 1.694985e+07
-6.004035e+02 4.171004e+02 1.672188e+02 1.710152e+07
-6.003379e+02 4.171898e+02 1.672547e+02 1.710519e+07
-6.002680e+02 4.187068e+02 1.678628e+02 1.716738e+07
-6.001930e+02 4.194533e+02 1.681621e+02 1.719799e+07
-6.001052e+02 4.183964e+02 1.677384e+02 1.715466e+07
-6.000121e+02 4.197606e+02 1.682853e+02 1.721059e+07
-5.999129e+02 4.215427e+02 1.689998e+02 1.728366e+07
-5.998021e+02 4.222006e+02 1.692635e+02 1.731063e+07
-5.996812e+02 4.229084e+02 1.695473e+02 1.733965e+07
-5.995495e+02 4.212952e+02 1.689006e+02 1.727351e+07
-5.994098e+02 4.203351e+02 1.685157e+02 1.723415e+07
-5.992695e+02 4.192329e+02 1.680737e+02 1.718895e+07
-5.991241e+02 4.193565e+02 1.681233e+02 1.719402e+07
-5.989677e+02 4.199801e+02 1.683733e+02 1.721959e+07
-5.987988e+02 4.221354e+02 1.692374e+02 1.730796e+07
-5.986188e+02 4.206095e+02 1.686256e+02 1.724539e+07
-5.984284e+02 4.187018e+02 1.678608e+02 1.716718e+07
-5.982258e+02 4.177398e+02 1.674751e+02 1.712773e+07
-5.980180e+02 4.185193e+02 1.677877e+02 1.715969e+07
-5.978055e+02 4.190586e+02 1.680039e+02 1.718181e+07
-5.975873e+02 4.225546e+02 1.694054e+02 1.732514e+07
-5.973663e+02 4.240031e+02 1.699862e+02 1.738454e+07
-5.971314e+02 4.247103e+02 1.702697e+02 1.741353e+07
-5.968794e+02 4.266045e+02 1.710291e+02 1.749120e+07
-5.966155e+02 4.282304e+02 1.716809e+02 1.755786e+07
-5.963390e+02 4.281731e+02 1.716580e+02 1.755551e+07
-5.960473e+02 4.290765e+02 1.720201e+02 1.759255e+07
-5.957425e+02 4.283068e+02 1.717116e+02 1.756099e+07
-5.954262e+02 4.288118e+02 1.719140e+02 1.758170e+07
-5.950990e+02 4.292061e+02 1.720721e+02 1.759786e+07
-5.947557e+02 4.291886e+02 1.720651e+02 1.759715e+07
-5.944003e+02 4.273880e+02 1.713432e+02 1.752332e+07
-5.940382e+02 4.273519e+02 1.713287e+02 1.752184e+07
-5.936612e+02 4.251582e+02 1.704493e+02 1.743190e+07
-5.932709e+02 4.216867e+02 1.690575e+02 1.728956e+07
-5.928722e+02 4.226716e+02 1.694524e+02 1.732994e+07
-5.924621e+02 4.220553e+02 1.692053e+02 1.730467e+07
-5.920450e+02 4.218300e+02 1.691149e+02 1.729543e+07
-5.916179e+02 4.207849e+02 1.686960e+02 1.725259e+07
-5.911772e+02 4.201119e+02 1.684261e+02 1.722499e+07
-5.907296e+02 4.208013e+02 1.687026e+02 1.725326e+07
-5.902713e+02 4.255224e+02 1.705953e+02 1.744683e+07
-5.898007e+02 4.233916e+02 1.697410e+02 1.735946e+07
-5.893262e+02 4.231797e+02 1.696561e+02 1.735078e+07
-5.888536e+02 4.216144e+02 1.690285e+02 1.728660e+07
-5.883848e+02 4.214763e+02 1.689731e+02 1.728093e+07
-5.879191e+02 4.186609e+02 1.678444e+02 1.716550e+07
-5.874450e+02 4.168350e+02 1.671124e+02 1.709064e+07
-5.869624e+02 4.164151e+02 1.669441e+02 1.707342e+07
-5.864754e+02 4.154679e+02 1.665643e+02 1.703458e+07
-5.859840e+02 4.141897e+02 1.660519e+02 1.698218e+07
-5.854844e+02 4.152283e+02 1.664683e+02 1.702476e+07
-5.849712e+02 4.107952e+02 1.646910e+02 1.684300e+07
-5.844553e+02 4.097417e+02 1.642687e+02 1.679980e+07
-5.839359e+02 4.108485e+02 1.647124e+02 1.684519e+07
-5.834128e+02 4.115869e+02 1.650084e+02 1.687546e+07
-5.828959e+02 4.106936e+02 1.646503e+02 1.683883e+07
-5.823804e+02 4.082702e+02 1.636787e+02 1.673947e+07
-5.818591e+02 4.082754e+02 1.636808e+02 1.673969e+07
-5.813382e+02 4.090744e+02 1.640011e+02 1.677244e+07
-5.808263e+02 4.086285e+02 1.638224e+02 1.675416e+07
-5.803259e+02 4.058621e+02 1.627133e+02 1.664074e+07
-5.798326e+02 4.094138e+02 1.641372e+02 1.678636e+07
-5.793489e+02 4.088715e+02 1.639198e+02 1.676413e+07
-5.788837e+02 4.082458e+02 1.636689e+02 1.673847e+07
-5.784295e+02 4.082419e+02 1.636674e+02 1.673831e+07
-5.779792e+02 4.117035e+02 1.650552e+02 1.688024e+07
-5.775398e+02 4.106220e+02 1.646216e+02 1.683590e+07
-5.771140e+02 4.070234e+02 1.631789e+02 1.668835e+07
-5.766982e+02 4.070639e+02 1.631951e+02 1.669001e+07
-5.762904e+02 4.084952e+02 1.637689e+02 1.674870e+07
-5.758927e+02 4.089827e+02 1.639644e+02 1.676869e+07
-5.755032e+02 4.067758e+02 1.630796e+02 1.667820e+07
-5.751163e+02 4.072558e+02 1.632720e+02 1.669788e+07
-5.747334e+02 4.044169e+02 1.621339e+02 1.658148e+07
-5.743514e+02 4.037231e+02 1.618557e+02 1.655304e+07
-5.739717e+02 4.037752e+02 1.618766e+02 1.655517e+07
-5.736002e+02 3.990921e+02 1.599992e+02 1.636316e+07
-5.732320e+02 3.965237e+02 1.589695e+02 1.625785e+07
-5.728638e+02 3.933975e+02 1.577161e+02 1.612968e+07
-5.724939e+02 3.929359e+02 1.575311e+02 1.611075e+07
-5.721243e+02 3.937467e+02 1.578562e+02 1.614400e+07
-5.717584e+02 3.916216e+02 1.570042e+02 1.605686e+07
-5.713957e+02 3.912618e+02 1.568599e+02 1.604211e+07
-5.710375e+02 3.927006e+02 1.574368e+02 1.610110e+07
-5.706885e+02 3.917845e+02 1.570695e+02 1.606354e+07
-5.703354e+02 3.911381e+02 1.568103e+02 1.603704e+07
-5.699741e+02 3.890891e+02 1.559889e+02 1.595303e+07
-5.696085e+02 3.885871e+02 1.557876e+02 1.593245e+07
-5.692456e+02 3.869297e+02 1.551232e+02 1.586449e+07
-5.688971e+02 3.853922e+02 1.545067e+02 1.580145e+07
-5.685574e+02 3.886058e+02 1.557951e+02 1.593321e+07
-5.682376e+02 3.871155e+02 1.551976e+02 1.587211e+07
-5.679346e+02 3.838335e+02 1.538819e+02 1.573754e+07
-5.676335e+02 3.841316e+02 1.540014e+02 1.574977e+07
-5.673356e+02 3.850782e+02 1.543809e+02 1.578858e+07
-5.670447e+02 3.858351e+02 1.546843e+02 1.581961e+07
-5.667564e+02 3.841944e+02 1.540265e+02 1.575234e+07
-5.664596e+02 3.851414e+02 1.544062e+02 1.579117e+07
-5.661590e+02 3.854142e+02 1.545156e+02 1.580235e+07
-5.658715e+02 3.882477e+02 1.556515e+02 1.591853e+07
-5.655946e+02 3.866803e+02 1.550232e+02 1.585427e+07
-5.653206e+02 3.876757e+02 1.554222e+02 1.589508e+07
-5.650564e+02 3.876189e+02 1.553995e+02 1.589275e+07
-5.647956e+02 3.870864e+02 1.551860e+02 1.587092e+07
-5.645419e+02 3.870383e+02 1.551667e+02 1.586894e+07
-5.643038e+02 3.872451e+02 1.552496e+02 1.587742e+07
-5.640810e+02 3.884888e+02 1.557482e+02 1.592842e+07
-5.638699e+02 3.868992e+02 1.551109e+02 1.586324e+07
-5.636623e+02 3.857274e+02 1.546411e+02 1.581519e+07
-5.634554e+02 3.858917e+02 1.547070e+02 1.582193e+07
-5.632595e+02 3.850838e+02 1.543831e+02 1.578881e+07
-5.630844e+02 3.849107e+02 1.543137e+02 1.578171e+07
-5.629329e+02 3.853760e+02 1.545003e+02 1.580079e+07
-5.627981e+02 3.853186e+02 1.544772e+02 1.579843e+07
-5.626633e+02 3.855252e+02 1.545601e+02 1.580691e+07
-5.625295e+02 3.872749e+02 1.552616e+02 1.587864e+07
-5.624104e+02 3.870423e+02 1.551683e+02 1.586911e+07
-5.623008e+02 3.876184e+02 1.553993e+02 1.589273e+07
-5.621879e+02 3.868661e+02 1.550977e+02 1.586188e+07
-5.620709e+02 3.888976e+02 1.559121e+02 1.594518e+07
-5.619551e+02 3.892255e+02 1.560436e+02 1.595862e+07
-5.618520e+02 3.875382e+02 1.553671e+02 1.588944e+07
-5.617659e+02 3.862403e+02 1.548468e+02 1.583623e+07
-5.616854e+02 3.885395e+02 1.557685e+02 1.593049e+07
-5.616021e+02 3.902981e+02 1.564736e+02 1.600260e+07
-5.615187e+02 3.925474e+02 1.573753e+02 1.609482e+07
-5.614367e+02 3.902441e+02 1.564519e+02 1.600039e+07
-5.613543e+02 3.870301e+02 1.551634e+02 1.586861e+07
-5.612726e+02 3.852058e+02 1.544320e+02 1.579381e+07
-5.611986e+02 3.874567e+02 1.553344e+02 1.588610e+07
-5.611407e+02 3.870663e+02 1.551779e+02 1.587009e+07
-5.610953e+02 3.856412e+02 1.546066e+02 1.581166e+07
-5.610541e+02 3.857344e+02 1.546440e+02 1.581548e+07
-5.610230e+02 3.860531e+02 1.547717e+02 1.582855e+07
-5.609959e+02 3.865407e+02 1.549672e+02 1.584854e+07
-5.609736e+02 3.847401e+02 1.542453e+02 1.577472e+07
-5.609634e+02 3.844324e+02 1.541220e+02 1.576210e+07
-5.609649e+02 3.862379e+02 1.548458e+02 1.583612e+07
-5.609775e+02 3.871669e+02 1.552182e+02 1.587422e+07
-5.609933e+02 3.888438e+02 1.558905e+02 1.594297e+07
-5.610137e+02 3.875687e+02 1.553793e+02 1.589069e+07
-5.610343e+02 3.901159e+02 1.564005e+02 1.599513e+07
-5.610561e+02 3.919271e+02 1.571266e+02 1.606939e+07
-5.610709e+02 3.933597e+02 1.577010e+02 1.612813e+07
-5.610733e+02 3.959502e+02 1.587395e+02 1.623434e+07
-5.610804e+02 3.970277e+02 1.591715e+02 1.627852e+07
-5.610991e+02 3.971480e+02 1.592197e+02 1.628345e+07
-5.611250e+02 3.954341e+02 1.585326e+02 1.621318e+07
-5.611580e+02 3.962634e+02 1.588651e+02 1.624718e+07
-5.611987e+02 3.993055e+02 1.600847e+02 1.637191e+07
-5.612428e+02 4.007686e+02 1.606713e+02 1.643190e+07
-5.612937e+02 4.017265e+02 1.610553e+02 1.647117e+07
-5.613594e+02 4.016922e+02 1.610415e+02 1.646977e+07
-5.614344e+02 4.018275e+02 1.610958e+02 1.647531e+07
-5.615144e+02 4.041931e+02 1.620442e+02 1.657231e+07
-5.616021e+02 4.045816e+02 1.621999e+02 1.658823e+07
-5.616880e+02 4.042223e+02 1.620559e+02 1.657350e+07
-5.617755e+02 4.003331e+02 1.604967e+02 1.641404e+07
-5.618834e+02 4.008776e+02 1.607150e+02 1.643637e+07
-5.620074e+02 3.997476e+02 1.602619e+02 1.639004e+07
-5.621338e+02 4.040669e+02 1.619936e+02 1.656713e+07
-5.622687e+02 4.054589e+02 1.625517e+02 1.662421e+07
-5.624056e+02 4.055386e+02 1.625836e+02 1.662747e+07
-5.625399e+02 4.053255e+02 1.624982e+02 1.661874e+07
-5.626824e+02 4.051359e+02 1.624222e+02 1.661096e+07
-5.628332e+02 4.059503e+02 1.627487e+02 1.664435e+07
-5.629912e+02 4.087018e+02 1.638518e+02 1.675717e+07
-5.631544e+02 4.110005e+02 1.647733e+02 1.685142e+07
-5.633218e+02 4.123382e+02 1.653096e+02 1.690626e+07
-5.634906e+02 4.143420e+02 1.661130e+02 1.698842e+07
-5.636630e+02 4.133051e+02 1.656973e+02 1.694591e+07
-5.638444e+02 4.131334e+02 1.656284e+02 1.693887e+07
-5.640274e+02 4.141868e+02 1.660507e+02 1.698206e+07
-5.642122e+02 4.127313e+02 1.654672e+02 1.692238e+07
-5.644076e+02 4.137350e+02 1.658696e+02 1.696354e+07
-5.646063e+02 4.128671e+02 1.655217e+02 1.692795e+07
-5.648054e+02 4.157954e+02 1.666956e+02 1.704801e+07
-5.650120e+02 4.155463e+02 1.665958e+02 1.703780e+07
-5.652228e+02 4.154971e+02 1.665761e+02 1.703578e+07
-5.654342e+02 4.160572e+02 1.668006e+02 1.705875e+07
-5.656429e+02 4.153427e+02 1.665141e+02 1.702945e+07
-5.658482e+02 4.146964e+02 1.662550e+02 1.700295e+07
-5.660489e+02 4.110024e+02 1.647741e+02 1.685150e+07
-5.662419e+02 4.096675e+02 1.642389e+02 1.679676e+07
-5.664271e+02 4.109651e+02 1.647591e+02 1.684997e+07
-5.666105e+02 4.093430e+02 1.641088e+02 1.678346e+07
-5.667901e+02 4.069228e+02 1.631385e+02 1.668423e+07
-5.669564e+02 4.070457e+02 1.631878e+02 1.668927e+07
-5.671168e+02 4.087401e+02 1.638671e+02 1.675874e+07
-5.672772e+02 4.118087e+02 1.650973e+02 1.688455e+07
-5.674351e+02 4.108081e+02 1.646962e+02 1.684353e+07
-5.675823e+02 4.111160e+02 1.648196e+02 1.685615e+07
-5.677133e+02 4.123311e+02 1.653068e+02 1.690597e+07
-5.678394e+02 4.143446e+02 1.661140e+02 1.698853e+07
-5.679631e+02 4.157496e+02 1.666773e+02 1.704613e+07
-5.680815e+02 4.171394e+02 1.672344e+02 1.710312e+07
-5.681971e+02 4.179341e+02 1.675531e+02 1.713570e+07
-5.683075e+02 4.184900e+02 1.677759e+02 1.715849e+07
-5.684082e+02 4.175061e+02 1.673815e+02 1.711815e+07
-5.684919e+02 4.178195e+02 1.675071e+02 1.713100e+07
-5.685612e+02 4.178669e+02 1.675261e+02 1.713295e+07
-5.686236e+02 4.170121e+02 1.671834e+02 1.709790e+07
-5.686772e+02 4.163803e+02 1.669301e+02 1.707200e+07
-5.687301e+02 4.153251e+02 1.665071e+02 1.702873e+07
-5.687845e+02 4.185772e+02 1.678109e+02 1.716207e+07
-5.688255e+02 4.158375e+02 1.667125e+02 1.704974e+07
-5.688501e+02 4.153090e+02 1.665006e+02 1.702807e+07
-5.688678e+02 4.173217e+02 1.673075e+02 1.711059e+07
-5.688832e+02 4.180836e+02 1.676130e+02 1.714183e+07
-5.688881e+02 4.177850e+02 1.674933e+02 1.712959e+07
-5.688833e+02 4.177771e+02 1.674901e+02 1.712927e+07
-5.688691e+02 4.167891e+02 1.670940e+02 1.708875e+07
-5.688409e+02 4.194597e+02 1.681647e+02 1.719825e+07
-5.688028e+02 4.211303e+02 1.688345e+02 1.726675e+07
-5.687542e+02 4.192064e+02 1.680631e+02 1.718787e+07
-5.686928e+02 4.163423e+02 1.669149e+02 1.707043e+07
-5.686214e+02 4.132416e+02 1.656718e+02 1.694330e+07
-5.685483e+02 4.167739e+02 1.670879e+02 1.708813e+07
-5.684798e+02 4.185903e+02 1.678161e+02 1.716260e+07
-5.684096e+02 4.210232e+02 1.687915e+02 1.726236e+07
-5.683348e+02 4.212131e+02 1.688676e+02 1.727014e+07
-5.682518e+02 4.212689e+02 1.688900e+02 1.727243e+07
-5.681607e+02 4.197534e+02 1.682825e+02 1.721030e+07
-5.680672e+02 4.188374e+02 1.679152e+02 1.717274e+07
-5.679762e+02 4.219164e+02 1.691496e+02 1.729898e+07
-5.678835e+02 4.210200e+02 1.687902e+02 1.726222e+07
-5.677811e+02 4.188406e+02 1.679165e+02 1.717287e+07
-5.676698e+02 4.152860e+02 1.664914e+02 1.702713e+07
-5.675546e+02 4.151572e+02 1.664398e+02 1.702185e+07
-5.674403e+02 4.151019e+02 1.664176e+02 1.701958e+07
-5.673249e+02 4.142481e+02 1.660753e+02 1.698457e+07
-5.672051e+02 4.173913e+02 1.673355e+02 1.711345e+07
-5.670762e+02 4.204455e+02 1.685599e+02 1.723867e+07
-5.669386e+02 4.204762e+02 1.685722e+02 1.723993e+07
-5.667953e+02 4.210702e+02 1.688103e+02 1.726428e+07
-5.666476e+02 4.233687e+02 1.697318e+02 1.735852e+07
-5.664998e+02 4.210855e+02 1.688165e+02 1.726491e+07
-5.663521e+02 4.260378e+02 1.708019e+02 1.746796e+07
-5.662025e+02 4.268905e+02 1.711438e+02 1.750292e+07
-5.660568e+02 4.278071e+02 1.715112e+02 1.754050e+07
-5.659153e+02 4.284312e+02 1.717614e+02 1.756609e+07
-5.657790e+02 4.264133e+02 1.709524e+02 1.748336e+07
-5.656474e+02 4.267382e+02 1.710827e+02 1.749668e+07
-5.655144e+02 4.274993e+02 1.713878e+02 1.752788e+07
-5.653764e+02 4.260706e+02 1.708150e+02 1.746930e+07
-5.652345e+02 4.244505e+02 1.701656e+02 1.740288e+07
-5.650935e+02 4.244025e+02 1.701463e+02 1.740091e+07
-5.649565e+02 4.227568e+02 1.694865e+02 1.733344e+07
-5.648248e+02 4.245542e+02 1.702071e+02 1.740713e+07
-5.646917e+02 4.228546e+02 1.695257e+02 1.733745e+07
-5.645583e+02 4.219034e+02 1.691444e+02 1.729845e+07
-5.644314e+02 4.233460e+02 1.697228e+02 1.735760e+07
-5.643084e+02 4.242061e+02 1.700676e+02 1.739286e+07
-5.641868e+02 4.248730e+02 1.703349e+02 1.742020e+07
-5.640618e+02 4.257473e+02 1.706854e+02 1.745605e+07
-5.639348e+02 4.251578e+02 1.704491e+02 1.743188e+07
-5.638112e+02 4.246302e+02 1.702376e+02 1.741025e+07
-5.636873e+02 4.245760e+02 1.702158e+02 1.740803e+07
-5.635683e+02 4.252778e+02 1.704972e+02 1.743680e+07
-5.634522e+02 4.291839e+02 1.720632e+02 1.759696e+07
-5.633314e+02 4.286876e+02 1.718642e+02 1.757660e+07
-5.632103e+02 4.279756e+02 1.715788e+02 1.754741e+07
-5.630927e+02 4.277565e+02 1.714910e+02 1.753843e+07
-5.629757e+02 4.267806e+02 1.710997e+02 1.749842e+07
-5.628587e+02 4.273878e+02 1.713431e+02 1.752331e+07
-5.627562e+02 4.284081e+02 1.717522e+02 1.756515e+07
-5.626733e+02 4.303400e+02 1.725267e+02 1.764436e+07
-5.625956e+02 4.325675e+02 1.734197e+02 1.773568e+07
-5.625141e+02 4.311226e+02 1.728404e+02 1.767644e+07
-5.624308e+02 4.289051e+02 1.719514e+02 1.758552e+07
-5.623498e+02 4.240473e+02 1.700039e+02 1.738635e+07
-5.622708e+02 4.269811e+02 1.711801e+02 1.750664e+07
-5.621918e+02 4.263764e+02 1.709377e+02 1.748184e+07
-5.621181e+02 4.290963e+02 1.720281e+02 1.759336e+07
-5.620457e+02 4.290099e+02 1.719935e+02 1.758982e+07
-5.619699e+02 4.272101e+02 1.712719e+02 1.751602e+07
-5.618973e+02 4.289065e+02 1.719520e+02 1.758558e+07
-5.618266e+02 4.287767e+02 1.718999e+02 1.758026e+07
-5.617493e+02 4.307153e+02 1.726772e+02 1.765974e+07
-5.616725e+02 4.304339e+02 1.725643e+02 1.764821e+07
-5.615966e+02 4.319330e+02 1.731653e+02 1.770967e+07
-5.615144e+02 4.323395e+02 1.733283e+02 1.772634e+07
-5.614323e+02 4.327687e+02 1.735004e+02 1.774394e+07
-5.613541e+02 4.328871e+02 1.735478e+02 1.774879e+07
-5.612750e+02 4.342279e+02 1.740854e+02 1.780376e+07
-5.611924e+02 4.313950e+02 1.729496e+02 1.768761e+07
-5.611112e+02 4.300841e+02 1.724241e+02 1.763386e+07
-5.610376e+02 4.276615e+02 1.714529e+02 1.753453e+07
-5.609718e+02 4.268959e+02 1.711459e+02 1.750314e+07
-5.609150e+02 4.283125e+02 1.717138e+02 1.756123e+07
-5.608704e+02 4.271810e+02 1.712602e+02 1.751483e+07
-5.608286e+02 4.275895e+02 1.714240e+02 1.753158e+07
-5.607861e+02 4.295943e+02 1.722277e+02 1.761378e+07
-5.607421e+02 4.300650e+02 1.724164e+02 1.763308e+07
-5.606952e+02 4.300049e+02 1.723924e+02 1.763062e+07
-5.606450e+02 4.324791e+02 1.733843e+02 1.773206e+07
-5.605869e+02 4.315705e+02 1.730200e+02 1.769481e+07
-5.605289e+02 4.314356e+02 1.729659e+02 1.768927e+07
-5.604695e+02 4.324010e+02 1.733529e+02 1.772886e+07
-5.604055e+02 4.320779e+02 1.732234e+02 1.771561e+07
-5.603421e+02 4.304004e+02 1.725509e+02 1.764683e+07
-5.602817e+02 4.270843e+02 1.712214e+02 1.751087e+07
-5.602202e+02 4.270654e+02 1.712139e+02 1.751009e+07
-5.601532e+02 4.277227e+02 1.714774e+02 1.753704e+07
-5.600910e+02 4.256964e+02 1.706650e+02 1.745396e+07
-5.600370e+02 4.281629e+02 1.716539e+02 1.755509e+07
-5.599890e+02 4.284655e+02 1.717752e+02 1.756750e+07
-5.599414e+02 4.273866e+02 1.713426e+02 1.752326e+07
-5.598927e+02 4.272838e+02 1.713014e+02 1.751905e+07
-5.598480e+02 4.281149e+02 1.716346e+02 1.755312e+07
-5.598049e+02 4.259433e+02 1.707640e+02 1.746409e+07
-5.597576e+02 4.258931e+02 1.707439e+02 1.746203e+07
-5.597074e+02 4.264899e+02 1.709832e+02 1.748650e+07
-5.596583e+02 4.277652e+02 1.714944e+02 1.753879e+07
-5.596083e+02 4.269949e+02 1.711856e+02 1.750720e+07
-5.595586e+02 4.269827e+02 1.711807e+02 1.750670e+07
-5.595170e+02 4.290486e+02 1.720089e+02 1.759141e+07
-5.594856e+02 4.300418e+02 1.724071e+02 1.763213e+07
-5.594522e+02 4.301452e+02 1.724486e+02 1.763637e+07
-5.594114e+02 4.316921e+02 1.730687e+02 1.769979e+07
-5.593644e+02 4.324302e+02 1.733646e+02 1.773005e+07
-5.593143e+02 4.319551e+02 1.731742e+02 1.771058e+07
-5.592665e+02 4.318612e+02 1.731366e+02 1.770673e+07
-5.592260e+02 4.337573e+02 1.738967e+02 1.778447e+07
-5.591876e+02 4.342260e+02 1.740846e+02 1.780368e+07
-5.591481e+02 4.374403e+02 1.753732e+02 1.793547e+07
-5.591080e+02 4.369848e+02 1.751906e+02 1.791680e+07
-5.590668e+02 4.375831e+02 1.754305e+02 1.794133e+07
-5.590304e+02 4.362522e+02 1.748969e+02 1.788676e+07
-5.589934e+02 4.394656e+02 1.761852e+02 1.801851e+07
-5.589489e+02 4.403705e+02 1.765480e+02 1.805562e+07
-5.589040e+02 4.380257e+02 1.756079e+02 1.795948e+07
-5.588623e+02 4.385996e+02 1.758380e+02 1.798301e+07
-5.588159e+02 4.412736e+02 1.769101e+02 1.809264e+07
-5.587698e+02 4.420416e+02 1.772180e+02 1.812413e+07
-5.587281e+02 4.417773e+02 1.771120e+02 1.811329e+07
-5.586850e+02 4.405687e+02 1.766275e+02 1.806374e+07
-5.586353e+02 4.411054e+02 1.768426e+02 1.808575e+07
-5.585853e+02 4.399960e+02 1.763978e+02 1.804026e+07
-5.585421e+02 4.371094e+02 1.752406e+02 1.792191e+07
-5.585014e+02 4.375623e+02 1.754222e+02 1.794048e+07
-5.584657e+02 4.400769e+02 1.764303e+02 1.804358e+07
-5.584325e+02 4.408178e+02 1.767273e+02 1.807395e+07
-5.584072e+02 4.418732e+02 1.771504e+02 1.811723e+07
-5.583862e+02 4.445325e+02 1.782166e+02 1.822626e+07
-5.583569e+02 4.441539e+02 1.780648e+02 1.821074e+07
-5.583221e+02 4.422909e+02 1.773179e+02 1.813435e+07
-5.582851e+02 4.446941e+02 1.782814e+02 1.823289e+07
-5.582470e+02 4.462520e+02 1.789059e+02 1.829676e+07
-5.582160e+02 4.488625e+02 1.799525e+02 1.840380e+07
-5.581931e+02 4.476021e+02 1.794472e+02 1.835212e+07
-5.581636e+02 4.460237e+02 1.788144e+02 1.828740e+07
-5.581321e+02 4.462612e+02 1.789096e+02 1.829714e+07
-5.581058e+02 4.456583e+02 1.786679e+02 1.827242e+07
-5.580861e+02 4.442734e+02 1.781127e+02 1.821564e+07
-5.580692e+02 4.393661e+02 1.761453e+02 1.801443e+07
-5.580568e+02 4.386770e+02 1.758691e+02 1.798618e+07
-5.580479e+02 4.392125e+02 1.760837e+02 1.800814e+07
-5.580369e+02 4.361765e+02 1.748666e+02 1.788366e+07
-5.580260e+02 4.363633e+02 1.749415e+02 1.789132e+07
-5.580166e+02 4.356259e+02 1.746459e+02 1.786108e+07
-5.580100e+02 4.386853e+02 1.758724e+02 1.798652e+07
-5.580015e+02 4.390829e+02 1.760318e+02 1.800282e+07
-5.579912e+02 4.380635e+02 1.756231e+02 1.796102e+07
-5.579811e+02 4.366658e+02 1.750628e+02 1.790372e+07
-5.579646e+02 4.354315e+02 1.745679e+02 1.785311e+07
-5.579469e+02 4.349557e+02 1.743772e+02 1.783360e+07
-5.579348e+02 4.370975e+02 1.752358e+02 1.792142e+07
-5.579247e+02 4.350773e+02 1.744259e+02 1.783859e+07
-5.579161e+02 4.358802e+02 1.747478e+02 1.787151e+07
-5.578990e+02 4.352402e+02 1.744912e+02 1.784527e+07
-5.578765e+02 4.347100e+02 1.742787e+02 1.782353e+07
-5.578549e+02 4.319256e+02 1.731624e+02 1.770937e+07
-5.578349e+02 4.322347e+02 1.732863e+02 1.772204e+07
-5.578094e+02 4.324789e+02 1.733842e+02 1.773205e+07
-5.577775e+02 4.291910e+02 1.720660e+02 1.759724e+07
-5.577454e+02 4.321434e+02 1.732497e+02 1.771830e+07
-5.577073e+02 4.333071e+02 1.737162e+02 1.776601e+07
-5.576595e+02 4.300432e+02 1.724077e+02 1.763219e+07
-5.576037e+02 4.293643e+02 1.721355e+02 1.760435e+07
-5.575428e+02 4.278513e+02 1.715289e+02 1.754232e+07
-5.574702e+02 4.270848e+02 1.712217e+02 1.751089e+07
-5.573824e+02 4.247531e+02 1.702869e+02 1.741529e+07
-5.572808e+02 4.226319e+02 1.694364e+02 1.732832e+07
-5.571750e+02 4.213820e+02 1.689353e+02 1.727707e+07
-5.570754e+02 4.220618e+02 1.692079e+02 1.730494e+07
-5.569801e+02 4.220464e+02 1.692017e+02 1.730431e+07
-5.568841e+02 4.214553e+02 1.689647e+02 1.728007e+07
-5.567820e+02 4.229744e+02 1.695737e+02 1.734236e+07
-5.566700e+02 4.225241e+02 1.693932e+02 1.732390e+07
-5.565514e+02 4.232043e+02 1.696659e+02 1.735179e+07
-5.564320e+02 4.224028e+02 1.693446e+02 1.731892e+07
-5.563030e+02 4.220369e+02 1.691979e+02 1.730392e+07
-5.561610e+02 4.222401e+02 1.692794e+02 1.731225e+07
-5.560144e+02 4.242153e+02 1.700712e+02 1.739324e+07
-5.558586e+02 4.227922e+02 1.695007e+02 1.733489e+07
-5.556870e+02 4.224148e+02 1.693494e+02 1.731941e+07
-5.555016e+02 4.219061e+02 1.691455e+02 1.729856e+07
-5.553066e+02 4.207397e+02 1.686778e+02 1.725073e+07
-5.551001e+02 4.207709e+02 1.686903e+02 1.725201e+07
-5.548803e+02 4.211651e+02 1.688484e+02 1.726817e+07
-5.546565e+02 4.224909e+02 1.693799e+02 1.732254e+07
-5.544326e+02 4.229226e+02 1.695530e+02 1.734023e+07
-5.542073e+02 4.217792e+02 1.690946e+02 1.729336e+07
-5.539761e+02 4.239009e+02 1.699452e+02 1.738035e+07
-5.537380e+02 4.237047e+02 1.698665e+02 1.737230e+07
-5.534923e+02 4.278099e+02 1.715123e+02 1.754062e+07
-5.532359e+02 4.280032e+02 1.715898e+02 1.754854e+07
-5.529694e+02 4.286523e+02 1.718501e+02 1.757516e+07
-5.526950e+02 4.292956e+02 1.721080e+02 1.760154e+07
-5.524106e+02 4.284609e+02 1.717734e+02 1.756731e+07
-5.521144e+02 4.283703e+02 1.717370e+02 1.756360e+07
-5.518078e+02 4.269484e+02 1.711670e+02 1.750530e+07
-5.514882e+02 4.244228e+02 1.701544e+02 1.740174e+07
-5.511598e+02 4.249899e+02 1.703818e+02 1.742499e+07
-5.508246e+02 4.240266e+02 1.699956e+02 1.738550e+07
-5.504806e+02 4.228872e+02 1.695388e+02 1.733878e+07
-5.501383e+02 4.231027e+02 1.696252e+02 1.734762e+07
-5.498069e+02 4.227629e+02 1.694890e+02 1.733369e+07
-5.494769e+02 4.198602e+02 1.683253e+02 1.721467e+07
-5.491462e+02 4.183300e+02 1.677118e+02 1.715193e+07
-5.488198e+02 4.167750e+02 1.670884e+02 1.708818e+07
-5.484923e+02 4.163404e+02 1.669142e+02 1.707036e+07
-5.481647e+02 4.147036e+02 1.662579e+02 1.700325e+07
-5.478407e+02 4.144647e+02 1.661621e+02 1.699345e+07
-5.475221e+02 4.142867e+02 1.660908e+02 1.698615e+07
-5.472133e+02 4.144104e+02 1.661404e+02 1.699123e+07
-5.469124e+02 4.113790e+02 1.649251e+02 1.686693e+07
-5.466146e+02 4.138354e+02 1.659099e+02 1.696765e+07
-5.463193e+02 4.127735e+02 1.654842e+02 1.692411e+07
-5.460256e+02 4.107523e+02 1.646738e+02 1.684124e+07
-5.457316e+02 4.091646e+02 1.640373e+02 1.677614e+07
-5.454335e+02 4.102825e+02 1.644855e+02 1.682198e+07
-5.451358e+02 4.090420e+02 1.639881e+02 1.677112e+07
-5.448480e+02 4.072505e+02 1.632699e+02 1.669767e+07
-5.445626e+02 4.067545e+02 1.630711e+02 1.667733e+07
-5.442724e+02 4.043103e+02 1.620912e+02 1.657711e+07
-5.439876e+02 4.037789e+02 1.618781e+02 1.655533e+07
-5.437181e+02 4.041499e+02 1.620269e+02 1.657054e+07
-5.434642e+02 4.051609e+02 1.624322e+02 1.661199e+07
-5.432185e+02 4.062303e+02 1.628609e+02 1.665583e+07
-5.429763e+02 4.048472e+02 1.623064e+02 1.659913e+07
-5.427456e+02 4.083458e+02 1.637090e+02 1.674257e+07
-5.425233e+02 4.100218e+02 1.643810e+02 1.681129e+07
-5.423085e+02 4.124606e+02 1.653587e+02 1.691128e+07
-5.421062e+02 4.140801e+02 1.660079e+02 1.697768e+07
-5.419129e+02 4.149888e+02 1.663723e+02 1.701494e+07
-5.417297e+02 4.132167e+02 1.656618e+02 1.694228e+07
-5.415513e+02 4.129137e+02 1.655403e+02 1.692986e+07
-5.413812e+02 4.122804e+02 1.652864e+02 1.690389e+07
-5.412292e+02 4.139973e+02 1.659748e+02 1.697429e+07
-5.411021e+02 4.161362e+02 1.668323e+02 1.706199e+07
-5.409914e+02 4.150873e+02 1.664118e+02 1.701898e+07
-5.408894e+02 4.176445e+02 1.674370e+02 1.712383e+07
-5.407934e+02 4.180458e+02 1.675978e+02 1.714028e+07
-5.406970e+02 4.201442e+02 1.684391e+02 1.722632e+07
-5.406100e+02 4.194760e+02 1.681712e+02 1.719892e+07
-5.405346e+02 4.172779e+02 1.672900e+02 1.710880e+07
-5.404689e+02 4.150092e+02 1.663804e+02 1.701578e+07
-5.404182e+02 4.153284e+02 1.665084e+02 1.702886e+07
-5.403886e+02 4.146018e+02 1.662171e+02 1.699907e+07
-5.403755e+02 4.119576e+02 1.651571e+02 1.689066e+07
-5.403730e+02 4.128673e+02 1.655217e+02 1.692796e+07
-5.403790e+02 4.157180e+02 1.666646e+02 1.704484e+07
-5.403944e+02 4.158748e+02 1.667275e+02 1.705127e+07
-5.404140e+02 4.167108e+02 1.670626e+02 1.708554e+07
-5.404314e+02 4.169953e+02 1.671767e+02 1.709721e+07
-5.404457e+02 4.210164e+02 1.687888e+02 1.726208e+07
-5.404628e+02 4.193065e+02 1.681033e+02 1.719197e+07
-5.404829e+02 4.187775e+02 1.678912e+02 1.717028e+07
-5.405081e+02 4.173184e+02 1.673062e+02 1.711046e+07
-5.405481e+02 4.195407e+02 1.681972e+02 1.720157e+07
-5.405971e+02 4.202648e+02 1.684875e+02 1.723126e+07
-5.406526e+02 4.210249e+02 1.687922e+02 1.726243e+07
-5.407088e+02 4.234753e+02 1.697746e+02 1.736290e+07
-5.407639e+02 4.232162e+02 1.696707e+02 1.735227e+07
-5.408185e+02 4.243787e+02 1.701367e+02 1.739994e+07
-5.408695e+02 4.234244e+02 1.697542e+02 1.736081e+07
-5.409253e+02 4.239784e+02 1.699763e+02 1.738352e+07
-5.409933e+02 4.231457e+02 1.696424e+02 1.734938e+07
-5.410681e+02 4.242459e+02 1.700835e+02 1.739449e+07
-5.411500e+02 4.235696e+02 1.698124e+02 1.736676e+07
-5.412339e+02 4.251001e+02 1.704260e+02 1.742951e+07
-5.413052e+02 4.236290e+02 1.698362e+02 1.736920e+07
-5.413642e+02 4.225513e+02 1.694041e+02 1.732501e+07
-5.414189e+02 4.237708e+02 1.698930e+02 1.737501e+07
-5.414710e+02 4.254043e+02 1.705479e+02 1.744199e+07
-5.415177e+02 4.236246e+02 1.698344e+02 1.736902e+07
-5.415617e+02 4.232970e+02 1.697031e+02 1.735559e+07
-5.416084e+02 4.238235e+02 1.699142e+02 1.737717e+07
-5.416590e+02 4.233596e+02 1.697282e+02 1.735815e+07
-5.417075e+02 4.200750e+02 1.684114e+02 1.722348e+07
-5.417494e+02 4.203202e+02 1.685097e+02 1.723353e+07
-5.417829e+02 4.209795e+02 1.687740e+02 1.726056e+07
-5.418149e+02 4.215271e+02 1.689935e+02 1.728302e+07
-5.418455e+02 4.223802e+02 1.693355e+02 1.731799e+07
-5.418676e+02 4.237312e+02 1.698772e+02 1.737339e+07
-5.418819e+02 4.233381e+02 1.697196e+02 1.735727e+07
-5.418902e+02 4.226433e+02 1.694410e+02 1.732878e+07
-5.418863e+02 4.250199e+02 1.703938e+02 1.742622e+07
-5.418750e+02 4.269931e+02 1.711849e+02 1.750713e+07
-5.418627e+02 4.266261e+02 1.710377e+02 1.749208e+07
-5.418439e+02 4.259887e+02 1.707822e+02 1.746595e+07
-5.418138e+02 4.267615e+02 1.710920e+02 1.749763e+07
-5.417764e+02 4.228147e+02 1.695097e+02 1.733581e+07
-5.417389e+02 4.243558e+02 1.701276e+02 1.739900e+07
-5.416901e+02 4.250331e+02 1.703991e+02 1.742677e+07
-5.416286e+02 4.258343e+02 1.707203e+02 1.745962e+07
-5.415645e+02 4.257930e+02 1.707038e+02 1.745792e+07
-5.414989e+02 4.264510e+02 1.709676e+02 1.748490e+07
-5.414364e+02 4.235678e+02 1.698117e+02 1.736669e+07
-5.413729e+02 4.209929e+02 1.687794e+02 1.726111e+07
-5.413007e+02 4.205528e+02 1.686029e+02 1.724307e+07
-5.412255e+02 4.184169e+02 1.677466e+02 1.715550e+07
-5.411487e+02 4.166867e+02 1.670530e+02 1.708456e+07
-5.410716e+02 4.181634e+02 1.676450e+02 1.714510e+07
-5.409995e+02 4.170650e+02 1.672046e+02 1.710007e+07
-5.409351e+02 4.163707e+02 1.669263e+02 1.707160e+07
-5.408757e+02 4.152494e+02 1.664768e+02 1.702563e+07
-5.408143e+02 4.147127e+02 1.662616e+02 1.700362e+07
-5.407541e+02 4.171905e+02 1.672549e+02 1.710521e+07
-5.406937e+02 4.136149e+02 1.658215e+02 1.695861e+07
-5.406348e+02 4.182190e+02 1.676673e+02 1.714738e+07
-5.405797e+02 4.204961e+02 1.685802e+02 1.724075e+07
-5.405197e+02 4.222825e+02 1.692964e+02 1.731399e+07
-5.404570e+02 4.240348e+02 1.699989e+02 1.738584e+07
-5.403953e+02 4.207761e+02 1.686924e+02 1.725222e+07
-5.403373e+02 4.232971e+02 1.697031e+02 1.735559e+07
-5.402843e+02 4.257507e+02 1.706868e+02 1.745619e+07
-5.402322e+02 4.238165e+02 1.699114e+02 1.737688e+07
-5.401769e+02 4.253910e+02 1.705426e+02 1.744144e+07
-5.401168e+02 4.262526e+02 1.708880e+02 1.747677e+07
-5.400523e+02 4.247505e+02 1.702858e+02 1.741518e+07
-5.399872e+02 4.241125e+02 1.700300e+02 1.738902e+07
-5.399247e+02 4.253637e+02 1.705316e+02 1.744032e+07
-5.398630e+02 4.247616e+02 1.702903e+02 1.741564e+07
-5.398026e+02 4.271025e+02 1.712287e+02 1.751161e+07
-5.397463e+02 4.276835e+02 1.714617e+02 1.753544e+07
-5.396941e+02 4.281739e+02 1.716583e+02 1.755554e+07
-5.396414e+02 4.280200e+02 1.715966e+02 1.754923e+07
-5.395886e+02 4.255909e+02 1.706227e+02 1.744964e+07
-5.395350e+02 4.270425e+02 1.712047e+02 1.750916e+07
-5.394764e+02 4.243997e+02 1.701452e+02 1.740080e+07
-5.394202e+02 4.219197e+02 1.691509e+02 1.729912e+07
-5.393634e+02 4.223399e+02 1.693194e+02 1.731634e+07
-5.392960e+02 4.206757e+02 1.686522e+02 1.724811e+07
-5.392210e+02 4.215785e+02 1.690141e+02 1.728512e+07
-5.391427e+02 4.216084e+02 1.690261e+02 1.728635e+07
-5.390572e+02 4.219886e+02 1.691786e+02 1.730194e+07
-5.389671e+02 4.211841e+02 1.688560e+02 1.726895e+07
-5.388799e+02 4.210966e+02 1.688209e+02 1.726537e+07
-5.387947e+02 4.193382e+02 1.681160e+02 1.719327e+07
-5.387037e+02 4.221847e+02 1.692571e+02 1.730998e+07
-5.386074e+02 4.264172e+02 1.709540e+02 1.748352e+07
-5.385086e+02 4.259383e+02 1.707620e+02 1.746388e+07
-5.383995e+02 4.240688e+02 1.700125e+02 1.738723e+07
-5.382803e+02 4.234202e+02 1.697525e+02 1.736064e+07
-5.381566e+02 4.235306e+02 1.697967e+02 1.736516e+07
-5.380282e+02 4.239279e+02 1.699560e+02 1.738145e+07
-5.378947e+02 4.248189e+02 1.703132e+02 1.741798e+07
-5.377559e+02 4.262983e+02 1.709063e+02 1.747864e+07
-5.376095e+02 4.273411e+02 1.713244e+02 1.752140e+07
-5.374556e+02 4.274918e+02 1.713848e+02 1.752758e+07
-5.372932e+02 4.288455e+02 1.719275e+02 1.758308e+07
-5.371179e+02 4.308767e+02 1.727419e+02 1.766636e+07
-5.369334e+02 4.281501e+02 1.716487e+02 1.755457e+07
-5.367438e+02 4.257429e+02 1.706837e+02 1.745587e+07
-5.365421e+02 4.237774e+02 1.698957e+02 1.737528e+07
-5.363321e+02 4.223309e+02 1.693158e+02 1.731597e+07
-5.361180e+02 4.221594e+02 1.692470e+02 1.730894e+07
-5.358934e+02 4.237203e+02 1.698728e+02 1.737294e+07
-5.356622e+02 4.212250e+02 1.688724e+02 1.727063e+07
-5.354225e+02 4.206233e+02 1.686312e+02 1.724596e+07
-5.351760e+02 4.221651e+02 1.692493e+02 1.730918e+07
-5.349267e+02 4.261029e+02 1.708280e+02 1.747063e+07
-5.346686e+02 4.242158e+02 1.700714e+02 1.739326e+07
-5.344025e+02 4.219537e+02 1.691646e+02 1.730051e+07
-5.341355e+02 4.220058e+02 1.691854e+02 1.730264e+07
-5.338677e+02 4.238557e+02 1.699271e+02 1.737849e+07
-5.335992e+02 4.229660e+02 1.695704e+02 1.734202e+07
-5.333322e+02 4.238216e+02 1.699134e+02 1.737709e+07
-5.330619e+02 4.249325e+02 1.703588e+02 1.742264e+07
-5.327868e+02 4.259014e+02 1.707472e+02 1.746237e+07
-5.325057e+02 4.265787e+02 1.710187e+02 1.749014e+07
-5.322210e+02 4.289816e+02 1.719821e+02 1.758866e+07
-5.319329e+02 4.285300e+02 1.718010e+02 1.757014e+07
-5.316524e+02 4.288415e+02 1.719259e+02 1.758292e+07
-5.313761e+02 4.299132e+02 1.723556e+02 1.762685e+07
-5.310947e+02 4.301786e+02 1.724620e+02 1.763774e+07
-5.308096e+02 4.291339e+02 1.720431e+02 1.759490e+07
-5.305185e+02 4.309126e+02 1.727562e+02 1.766783e+07
-5.302340e+02 4.298510e+02 1.723306e+02 1.762431e+07
-5.299573e+02 4.317897e+02 1.731079e+02 1.770379e+07
-5.296837e+02 4.328021e+02 1.735138e+02 1.774530e+07
-5.294147e+02 4.338028e+02 1.739149e+02 1.778633e+07
-5.291527e+02 4.330369e+02 1.736079e+02 1.775493e+07
-5.288933e+02 4.312216e+02 1.728801e+02 1.768050e+07
-5.286384e+02 4.317537e+02 1.730934e+02 1.770232e+07
-5.283983e+02 4.322835e+02 1.733058e+02 1.772404e+07
-5.281726e+02 4.297772e+02 1.723010e+02 1.762128e+07
-5.279583e+02 4.283782e+02 1.717402e+02 1.756392e+07
-5.277635e+02 4.289054e+02 1.719515e+02 1.758553e+07
-5.275912e+02 4.290455e+02 1.720077e+02 1.759128e+07
-5.274253e+02 4.283715e+02 1.717375e+02 1.756364e+07
-5.272649e+02 4.246801e+02 1.702576e+02 1.741229e+07
-5.271147e+02 4.176771e+02 1.674500e+02 1.712517e+07
-5.269783e+02 4.195309e+02 1.681932e+02 1.720117e+07
-5.268506e+02 4.223870e+02 1.693383e+02 1.731827e+07
-5.267248e+02 4.202024e+02 1.684625e+02 1.722871e+07
-5.266062e+02 4.201170e+02 1.684282e+02 1.722520e+07
-5.264891e+02 4.189924e+02 1.679773e+02 1.717909e+07
-5.263722e+02 4.180110e+02 1.675839e+02 1.713886e+07
-5.262672e+02 4.160263e+02 1.667882e+02 1.705748e+07
-5.261688e+02 4.173361e+02 1.673133e+02 1.711118e+07
-5.260762e+02 4.163107e+02 1.669022e+02 1.706914e+07
-5.259990e+02 4.123963e+02 1.653329e+02 1.690865e+07
-5.259396e+02 4.129417e+02 1.655516e+02 1.693101e+07
-5.258954e+02 4.098031e+02 1.642933e+02 1.680232e+07
-5.258633e+02 4.093463e+02 1.641101e+02 1.678359e+07
-5.258489e+02 4.112991e+02 1.648930e+02 1.686366e+07
-5.258440e+02 4.119532e+02 1.651553e+02 1.689048e+07
-5.258491e+02 4.111624e+02 1.648382e+02 1.685806e+07
-5.258662e+02 4.109958e+02 1.647714e+02 1.685122e+07
-5.258990e+02 4.125744e+02 1.654043e+02 1.691595e+07
-5.259533e+02 4.126794e+02 1.654464e+02 1.692026e+07
-5.260237e+02 4.117065e+02 1.650564e+02 1.688037e+07
-5.261051e+02 4.124821e+02 1.653673e+02 1.691216e+07
-5.261868e+02 4.118152e+02 1.650999e+02 1.688482e+07
-5.262730e+02 4.133547e+02 1.657171e+02 1.694794e+07
-5.263704e+02 4.105944e+02 1.646105e+02 1.683476e+07
-5.264731e+02 4.123177e+02 1.653014e+02 1.690542e+07
-5.265836e+02 4.124727e+02 1.653636e+02 1.691178e+07
-5.267037e+02 4.137273e+02 1.658665e+02 1.696322e+07
-5.268345e+02 4.131551e+02 1.656371e+02 1.693976e+07
-5.269738e+02 4.131926e+02 1.656522e+02 1.694130e+07
-5.271150e+02 4.146940e+02 1.662541e+02 1.700285e+07
-5.272543e+02 4.156986e+02 1.666568e+02 1.704404e+07
-5.273853e+02 4.145401e+02 1.661924e+02 1.699654e+07
-5.275128e+02 4.167476e+02 1.670774e+02 1.708705e+07
-5.276372e+02 4.159920e+02 1.667745e+02 1.705607e+07
-5.277546e+02 4.151019e+02 1.664176e+02 1.701958e+07
-5.278689e+02 4.150324e+02 1.663897e+02 1.701673e+07
-5.279850e+02 4.121738e+02 1.652437e+02 1.689952e+07
-5.281081e+02 4.111732e+02 1.648426e+02 1.685850e+07
-5.282382e+02 4.140635e+02 1.660013e+02 1.697700e+07
-5.283743e+02 4.136415e+02 1.658321e+02 1.695970e+07
-5.285143e+02 4.142209e+02 1.660644e+02 1.698345e+07
-5.286611e+02 4.146467e+02 1.662351e+02 1.700091e+07
-5.288209e+02 4.146252e+02 1.662265e+02 1.700003e+07
-5.289864e+02 4.126813e+02 1.654472e+02 1.692033e+07
-5.291582e+02 4.152941e+02 1.664946e+02 1.702746e+07
-5.293399e+02 4.174626e+02 1.673640e+02 1.711637e+07
-5.295201e+02 4.160562e+02 1.668002e+02 1.705871e+07
-5.296970e+02 4.144940e+02 1.661739e+02 1.699465e+07
-5.298757e+02 4.110787e+02 1.648047e+02 1.685462e+07
-5.300502e+02 4.121320e+02 1.652270e+02 1.689781e+07
-5.302237e+02 4.127905e+02 1.654909e+02 1.692481e+07
-5.303999e+02 4.112838e+02 1.648869e+02 1.686303e+07
-5.305783e+02 4.095296e+02 1.641836e+02 1.679111e+07
-5.307513e+02 4.081093e+02 1.636142e+02 1.673287e+07
-5.309142e+02 4.080285e+02 1.635818e+02 1.672956e+07
-5.310702e+02 4.075955e+02 1.634082e+02 1.671181e+07
-5.312158e+02 4.071358e+02 1.632239e+02 1.669296e+07
-5.313580e+02 4.103712e+02 1.645210e+02 1.682562e+07
-5.315003e+02 4.111431e+02 1.648305e+02 1.685727e+07
-5.316311e+02 4.098433e+02 1.643094e+02 1.680397e+07
-5.317465e+02 4.083203e+02 1.636988e+02 1.674152e+07
-5.318529e+02 4.088890e+02 1.639268e+02 1.676484e+07
-5.319566e+02 4.094281e+02 1.641430e+02 1.678695e+07
-5.320549e+02 4.093167e+02 1.640983e+02 1.678238e+07
-5.321467e+02 4.086441e+02 1.638286e+02 1.675480e+07
-5.322345e+02 4.111693e+02 1.648410e+02 1.685834e+07
-5.323198e+02 4.100901e+02 1.644083e+02 1.681409e+07
-5.324035e+02 4.106930e+02 1.646501e+02 1.683881e+07
-5.324870e+02 4.089075e+02 1.639342e+02 1.676560e+07
-5.325739e+02 4.094755e+02 1.641620e+02 1.678889e+07
-5.326626e+02 4.078827e+02 1.635234e+02 1.672358e+07
-5.327465e+02 4.067682e+02 1.630766e+02 1.667789e+07
-5.328240e+02 4.054124e+02 1.625330e+02 1.662230e+07
-5.329004e+02 4.039921e+02 1.619636e+02 1.656406e+07
-5.329828e+02 4.027067e+02 1.614483e+02 1.651136e+07
-5.330649e+02 4.026907e+02 1.614418e+02 1.651071e+07
-5.331331e+02 4.008939e+02 1.607215e+02 1.643704e+07
-5.331883e+02 4.013899e+02 1.609203e+02 1.645737e+07
-5.332371e+02 4.022778e+02 1.612763e+02 1.649378e+07
-5.332846e+02 4.028836e+02 1.615192e+02 1.651861e+07
-5.333294e+02 4.053438e+02 1.625055e+02 1.661949e+07
-5.333687e+02 4.104173e+02 1.645395e+02 1.682751e+07
-5.334080e+02 4.113973e+02 1.649324e+02 1.686769e+07
-5.334500e+02 4.078706e+02 1.635185e+02 1.672309e+07
-5.334874e+02 4.047416e+02 1.622641e+02 1.659480e+07
-5.335227e+02 4.054224e+02 1.625370e+02 1.662271e+07
-5.335629e+02 4.074705e+02 1.633581e+02 1.670669e+07
-5.336045e+02 4.081161e+02 1.636169e+02 1.673315e+07
-5.336433e+02 4.085702e+02 1.637990e+02 1.675177e+07
-5.336773e+02 4.097397e+02 1.642679e+02 1.679972e+07
-5.337142e+02 4.117845e+02 1.650876e+02 1.688356e+07
-5.337552e+02 4.120866e+02 1.652088e+02 1.689595e+07
-5.337967e+02 4.137142e+02 1.658613e+02 1.696268e+07
-5.338390e+02 4.146183e+02 1.662237e+02 1.699975e+07
-5.338876e+02 4.115651e+02 1.649997e+02 1.687457e+07
-5.339451e+02 4.137652e+02 1.658817e+02 1.696477e+07
-5.340018e+02 4.146434e+02 1.662338e+02 1.700078e+07
-5.340575e+02 4.167653e+02 1.670845e+02 1.708778e+07
-5.341160e+02 4.163607e+02 1.669223e+02 1.707119e+07
-5.341750e+02 4.152076e+02 1.664600e+02 1.702391e+07
-5.342223e+02 4.131804e+02 1.656473e+02 1.694080e+07
-5.342589e+02 4.148956e+02 1.663349e+02 1.701112e+07
-5.342961e+02 4.149030e+02 1.663379e+02 1.701143e+07
-5.343329e+02 4.177690e+02 1.674869e+02 1.712893e+07
-5.343670e+02 4.190915e+02 1.680171e+02 1.718316e+07
-5.344029e+02 4.182456e+02 1.676779e+02 1.714847e+07
-5.344439e+02 4.152232e+02 1.664662e+02 1.702455e+07
-5.344878e+02 4.142340e+02 1.660697e+02 1.698399e+07
-5.345335e+02 4.128241e+02 1.655044e+02 1.692619e+07
-5.345837e+02 4.122065e+02 1.652568e+02 1.690086e+07
-5.346364e+02 4.133831e+02 1.657285e+02 1.694911e+07
-5.346909e+02 4.158052e+02 1.666996e+02 1.704841e+07
-5.347488e+02 4.147386e+02 1.662720e+02 1.700468e+07
-5.348060e+02 4.127976e+02 1.654938e+02 1.692510e+07
-5.348577e+02 4.151720e+02 1.664457e+02 1.702245e+07
-5.349041e+02 4.155985e+02 1.666167e+02 1.703994e+07
-5.349469e+02 4.131597e+02 1.656390e+02 1.693994e+07
-5.349918e+02 4.114751e+02 1.649636e+02 1.687088e+07
-5.350372e+02 4.103496e+02 1.645124e+02 1.682473e+07
-5.350753e+02 4.093844e+02 1.641254e+02 1.678516e+07
-5.351098e+02 4.074458e+02 1.633482e+02 1.670567e+07
-5.351461e+02 4.069419e+02 1.631462e+02 1.668501e+07
-5.351815e+02 4.048704e+02 1.623157e+02 1.660008e+07
-5.352120e+02 4.043466e+02 1.621057e+02 1.657860e+07
-5.352367e+02 4.026562e+02 1.614280e+02 1.650929e+07
-5.352575e+02 4.020021e+02 1.611658e+02 1.648247e+07
-5.352733e+02 4.031185e+02 1.616134e+02 1.652825e+07
-5.352821e+02 4.028833e+02 1.615191e+02 1.651860e+07
-5.352798e+02 4.011091e+02 1.608078e+02 1.644586e+07
-5.352762e+02 3.986492e+02 1.598216e+02 1.634500e+07
-5.352789e+02 3.978758e+02 1.595115e+02 1.631329e+07
-5.352839e+02 4.013125e+02 1.608893e+02 1.645420e+07
-5.352940e+02 4.023011e+02 1.612857e+02 1.649473e+07
-5.352995e+02 4.001520e+02 1.604241e+02 1.640662e+07
-5.352933e+02 4.037625e+02 1.618715e+02 1.655465e+07
-5.352824e+02 4.047189e+02 1.622550e+02 1.659386e+07
-5.352781e+02 4.046085e+02 1.622107e+02 1.658934e+07
-5.352786e+02 4.058343e+02 1.627022e+02 1.663960e+07
-5.352745e+02 4.042075e+02 1.620500e+02 1.657290e+07
-5.352670e+02 4.073839e+02 1.633234e+02 1.670313e+07
-5.352585e+02 4.085594e+02 1.637947e+02 1.675133e+07
-5.352484e+02 4.091851e+02 1.640455e+02 1.677699e+07
-5.352321e+02 4.069544e+02 1.631512e+02 1.668552e+07
-5.352096e+02 4.079491e+02 1.635500e+02 1.672631e+07
-5.351826e+02 4.102301e+02 1.644645e+02 1.681983e+07
-5.351519e+02 4.115739e+02 1.650032e+02 1.687493e+07
-5.351238e+02 4.119883e+02 1.651693e+02 1.689192e+07
-5.350993e+02 4.104861e+02 1.645671e+02 1.683033e+07
-5.350675e+02 4.107700e+02 1.646809e+02 1.684197e+07
-5.350246e+02 4.117675e+02 1.650808e+02 1.688287e+07
-5.349658e+02 4.130510e+02 1.655954e+02 1.693549e+07
-5.348908e+02 4.119248e+02 1.651439e+02 1.688931e+07
-5.348107e+02 4.097542e+02 1.642737e+02 1.680032e+07
-5.347323e+02 4.083756e+02 1.637210e+02 1.674379e+07
-5.346529e+02 4.076224e+02 1.634190e+02 1.671291e+07
-5.345675e+02 4.095961e+02 1.642103e+02 1.679384e+07
-5.344738e+02 4.081575e+02 1.636335e+02 1.673485e+07
-5.343733e+02 4.100664e+02 1.643988e+02 1.681312e+07
-5.342681e+02 4.104380e+02 1.645478e+02 1.682836e+07
-5.341590e+02 4.103502e+02 1.645126e+02 1.682475e+07
-5.340500e+02 4.115780e+02 1.650049e+02 1.687510e+07
-5.339363e+02 4.126470e+02 1.654334e+02 1.691892e+07
-5.338145e+02 4.109426e+02 1.647501e+02 1.684904e+07
-5.336902e+02 4.144425e+02 1.661532e+02 1.699254e+07
-5.335615e+02 4.152262e+02 1.664674e+02 1.702467e+07
-5.334241e+02 4.140225e+02 1.659849e+02 1.697532e+07
-5.332855e+02 4.168349e+02 1.671124e+02 1.709063e+07
-5.331487e+02 4.172553e+02 1.672809e+02 1.710787e+07
-5.330095e+02 4.173183e+02 1.673062e+02 1.711045e+07
-5.328695e+02 4.191350e+02 1.680345e+02 1.718494e+07
-5.327272e+02 4.184906e+02 1.677762e+02 1.715852e+07
-5.325806e+02 4.183567e+02 1.677225e+02 1.715303e+07
-5.324289e+02 4.190386e+02 1.679959e+02 1.718099e+07
-5.322648e+02 4.196220e+02 1.682297e+02 1.720490e+07
-5.320842e+02 4.198217e+02 1.683098e+02 1.721309e+07
-5.318962e+02 4.202654e+02 1.684877e+02 1.723129e+07
-5.317008e+02 4.215228e+02 1.689918e+02 1.728284e+07
-5.314956e+02 4.227004e+02 1.694639e+02 1.733112e+07
-5.312849e+02 4.230436e+02 1.696015e+02 1.734520e+07
-5.310693e+02 4.222522e+02 1.692842e+02 1.731275e+07
-5.308499e+02 4.221813e+02 1.692558e+02 1.730984e+07
-5.306219e+02 4.226219e+02 1.694324e+02 1.732791e+07
-5.303868e+02 4.210322e+02 1.687951e+02 1.726272e+07
-5.301515e+02 4.204145e+02 1.685475e+02 1.723740e+07
-5.299188e+02 4.226761e+02 1.694542e+02 1.733013e+07
-5.296917e+02 4.237924e+02 1.699017e+02 1.737590e+07
-5.294684e+02 4.254149e+02 1.705522e+02 1.744242e+07
-5.292409e+02 4.273943e+02 1.713457e+02 1.752358e+07
-5.290076e+02 4.289923e+02 1.719864e+02 1.758910e+07
-5.287702e+02 4.299366e+02 1.723650e+02 1.762782e+07
-5.285254e+02 4.330494e+02 1.736129e+02 1.775544e+07
-5.282771e+02 4.338555e+02 1.739361e+02 1.778849e+07
-5.280184e+02 4.344521e+02 1.741753e+02 1.781295e+07
-5.277464e+02 4.350279e+02 1.744061e+02 1.783657e+07
-5.274651e+02 4.367800e+02 1.751085e+02 1.790840e+07
-5.271748e+02 4.359048e+02 1.747577e+02 1.787252e+07
-5.268782e+02 4.340687e+02 1.740216e+02 1.779724e+07
-5.265744e+02 4.343326e+02 1.741274e+02 1.780806e+07
-5.262625e+02 4.331030e+02 1.736344e+02 1.775764e+07
-5.259437e+02 4.338899e+02 1.739499e+02 1.778991e+07
-5.256209e+02 4.351417e+02 1.744517e+02 1.784123e+07
-5.252915e+02 4.361210e+02 1.748443e+02 1.788138e+07
-5.249527e+02 4.364155e+02 1.749624e+02 1.789346e+07
-5.246013e+02 4.336187e+02 1.738411e+02 1.777878e+07
-5.242368e+02 4.353754e+02 1.745454e+02 1.785081e+07
-5.238682e+02 4.323418e+02 1.733292e+02 1.772643e+07
-5.234941e+02 4.340193e+02 1.740018e+02 1.779521e+07
-5.231125e+02 4.349203e+02 1.743630e+02 1.783215e+07
-5.227241e+02 4.365653e+02 1.750225e+02 1.789960e+07
-5.223265e+02 4.360973e+02 1.748348e+02 1.788041e+07
-5.219226e+02 4.352734e+02 1.745045e+02 1.784663e+07
-5.215161e+02 4.339654e+02 1.739802e+02 1.779300e+07
-5.211119e+02 4.345790e+02 1.742261e+02 1.781816e+07
-5.207020e+02 4.332130e+02 1.736785e+02 1.776215e+07
-5.202843e+02 4.304160e+02 1.725571e+02 1.764747e+07
-5.198578e+02 4.337118e+02 1.738785e+02 1.778260e+07
-5.194225e+02 4.341610e+02 1.740586e+02 1.780102e+07
-5.189860e+02 4.336905e+02 1.738699e+02 1.778173e+07
-5.185462e+02 4.331302e+02 1.736453e+02 1.775875e+07
-5.181006e+02 4.314145e+02 1.729574e+02 1.768841e+07
-5.176532e+02 4.300790e+02 1.724221e+02 1.763365e+07
-5.171999e+02 4.317025e+02 1.730729e+02 1.770022e+07
-5.167453e+02 4.289870e+02 1.719843e+02 1.758888e+07
-5.162999e+02 4.270859e+02 1.712221e+02 1.751093e+07
-5.158590e+02 4.263990e+02 1.709467e+02 1.748277e+07
-5.154268e+02 4.249377e+02 1.703609e+02 1.742286e+07
-5.149991e+02 4.253436e+02 1.705236e+02 1.743950e+07
-5.145677e+02 4.258446e+02 1.707244e+02 1.746004e+07
-5.141301e+02 4.263490e+02 1.709267e+02 1.748072e+07
-5.136908e+02 4.243816e+02 1.701379e+02 1.740005e+07
-5.132536e+02 4.228573e+02 1.695268e+02 1.733756e+07
-5.128130e+02 4.248549e+02 1.703277e+02 1.741946e+07
-5.123746e+02 4.239001e+02 1.699449e+02 1.738031e+07
-5.119475e+02 4.219165e+02 1.691496e+02 1.729898e+07
-5.115332e+02 4.236347e+02 1.698385e+02 1.736943e+07
-5.111249e+02 4.252851e+02 1.705001e+02 1.743710e+07
-5.107194e+02 4.233504e+02 1.697245e+02 1.735778e+07
-5.103124e+02 4.228206e+02 1.695121e+02 1.733605e+07
-5.099129e+02 4.225909e+02 1.694200e+02 1.732663e+07
-5.095176e+02 4.190364e+02 1.679950e+02 1.718090e+07
-5.091217e+02 4.170330e+02 1.671918e+02 1.709876e+07
-5.087352e+02 4.176985e+02 1.674586e+02 1.712604e+07
-5.083520e+02 4.166626e+02 1.670433e+02 1.708357e+07
-5.079737e+02 4.190221e+02 1.679893e+02 1.718031e+07
-5.076005e+02 4.229383e+02 1.695593e+02 1.734088e+07
-5.072311e+02 4.232579e+02 1.696874e+02 1.735398e+07
-5.068745e+02 4.215202e+02 1.689907e+02 1.728273e+07
-5.065224e+02 4.219613e+02 1.691676e+02 1.730082e+07
-5.061769e+02 4.205214e+02 1.685903e+02 1.724178e+07
-5.058492e+02 4.216052e+02 1.690249e+02 1.728622e+07
-5.055362e+02 4.227299e+02 1.694757e+02 1.733233e+07
-5.052342e+02 4.220361e+02 1.691976e+02 1.730389e+07
-5.049436e+02 4.232372e+02 1.696791e+02 1.735313e+07
-5.046630e+02 4.250539e+02 1.704075e+02 1.742762e+07
-5.043874e+02 4.238292e+02 1.699164e+02 1.737741e+07
-5.041225e+02 4.203570e+02 1.685244e+02 1.723504e+07
-5.038636e+02 4.191245e+02 1.680303e+02 1.718451e+07
-5.036062e+02 4.183512e+02 1.677203e+02 1.715280e+07
-5.033634e+02 4.161082e+02 1.668211e+02 1.706084e+07
-5.031355e+02 4.162239e+02 1.668674e+02 1.706558e+07
-5.029072e+02 4.178086e+02 1.675027e+02 1.713055e+07
-5.026802e+02 4.179156e+02 1.675456e+02 1.713494e+07
-5.024513e+02 4.174356e+02 1.673532e+02 1.711526e+07
-5.022271e+02 4.182925e+02 1.676967e+02 1.715039e+07
-5.020149e+02 4.189453e+02 1.679585e+02 1.717716e+07
-5.018048e+02 4.213844e+02 1.689363e+02 1.727717e+07
-5.016009e+02 4.190775e+02 1.680114e+02 1.718258e+07
-5.014091e+02 4.165141e+02 1.669838e+02 1.707748e+07
-5.012243e+02 4.151161e+02 1.664233e+02 1.702016e+07
-5.010439e+02 4.121310e+02 1.652266e+02 1.689777e+07
-5.008752e+02 4.136813e+02 1.658481e+02 1.696133e+07
-5.007250e+02 4.116616e+02 1.650384e+02 1.687852e+07
-5.005984e+02 4.104142e+02 1.645383e+02 1.682738e+07
-5.004855e+02 4.109314e+02 1.647456e+02 1.684858e+07
-5.003766e+02 4.111058e+02 1.648155e+02 1.685573e+07
-5.002707e+02 4.113046e+02 1.648953e+02 1.686389e+07
-5.001735e+02 4.125676e+02 1.654016e+02 1.691567e+07
-5.000864e+02 4.121614e+02 1.652388e+02 1.689902e+07
-5.000073e+02 4.098228e+02 1.643012e+02 1.680313e+07
-4.999427e+02 4.097124e+02 1.642569e+02 1.679860e+07
-4.998906e+02 4.106454e+02 1.646310e+02 1.683686e+07
-4.998467e+02 4.115993e+02 1.650134e+02 1.687597e+07
-4.998075e+02 4.139023e+02 1.659367e+02 1.697040e+07
-4.997790e+02 4.169742e+02 1.671682e+02 1.709634e+07
-4.997670e+02 4.162409e+02 1.668742e+02 1.706628e+07
-4.997673e+02 4.153543e+02 1.665188e+02 1.702993e+07
-4.997697e+02 4.144409e+02 1.661526e+02 1.699248e+07
-4.997680e+02 4.156219e+02 1.666261e+02 1.704090e+07
-4.997674e+02 4.168740e+02 1.671281e+02 1.709224e+07
-4.997703e+02 4.152104e+02 1.664611e+02 1.702403e+07
-4.997754e+02 4.160694e+02 1.668055e+02 1.705925e+07
-4.997819e+02 4.163084e+02 1.669013e+02 1.706905e+07
-4.997983e+02 4.171498e+02 1.672386e+02 1.710354e+07
-4.998244e+02 4.165656e+02 1.670044e+02 1.707959e+07
-4.998482e+02 4.172056e+02 1.672610e+02 1.710583e+07
-4.998766e+02 4.177510e+02 1.674797e+02 1.712819e+07
-4.999097e+02 4.193870e+02 1.681355e+02 1.719527e+07
-4.999414e+02 4.176910e+02 1.674556e+02 1.712573e+07
-4.999746e+02 4.199335e+02 1.683546e+02 1.721768e+07
-5.000101e+02 4.171181e+02 1.672259e+02 1.710224e+07
-5.000549e+02 4.179380e+02 1.675546e+02 1.713586e+07
-5.001059e+02 4.182384e+02 1.676750e+02 1.714818e+07
-5.001616e+02 4.180608e+02 1.676039e+02 1.714090e+07
-5.002206e+02 4.153871e+02 1.665320e+02 1.703127e+07
-5.002807e+02 4.151207e+02 1.664252e+02 1.702035e+07
-5.003484e+02 4.141066e+02 1.660186e+02 1.697877e+07
-5.004239e+02 4.134394e+02 1.657511e+02 1.695142e+07
-5.005010e+02 4.122733e+02 1.652836e+02 1.690360e+07
-5.005898e+02 4.120570e+02 1.651969e+02 1.689473e+07
-5.006955e+02 4.129202e+02 1.655429e+02 1.693013e+07
-5.008132e+02 4.134289e+02 1.657469e+02 1.695098e+07
-5.009429e+02 4.137971e+02 1.658945e+02 1.696608e+07
-5.010771e+02 4.147165e+02 1.662631e+02 1.700378e+07
-5.012158e+02 4.140350e+02 1.659899e+02 1.697583e+07
-5.013604e+02 4.146448e+02 1.662344e+02 1.700084e+07
-5.015134e+02 4.143896e+02 1.661321e+02 1.699037e+07
-5.016711e+02 4.145417e+02 1.661930e+02 1.699661e+07
-5.018255e+02 4.164660e+02 1.669645e+02 1.707551e+07
-5.019797e+02 4.167460e+02 1.670767e+02 1.708699e+07
-5.021297e+02 4.160575e+02 1.668007e+02 1.705876e+07
-5.022759e+02 4.164007e+02 1.669383e+02 1.707283e+07
-5.024240e+02 4.158756e+02 1.667278e+02 1.705130e+07
-5.025676e+02 4.156742e+02 1.666470e+02 1.704304e+07
-5.027052e+02 4.171891e+02 1.672544e+02 1.710516e+07
-5.028362e+02 4.177967e+02 1.674980e+02 1.713007e+07
-5.029624e+02 4.183621e+02 1.677246e+02 1.715325e+07
-5.030875e+02 4.182433e+02 1.676770e+02 1.714838e+07
-5.032129e+02 4.201425e+02 1.684384e+02 1.722625e+07
-5.033375e+02 4.210690e+02 1.688099e+02 1.726424e+07
-5.034600e+02 4.226895e+02 1.694595e+02 1.733068e+07
-5.035776e+02 4.286614e+02 1.718537e+02 1.757553e+07
-5.036925e+02 4.276936e+02 1.714657e+02 1.753585e+07
-5.038184e+02 4.240169e+02 1.699917e+02 1.738510e+07
-5.039486e+02 4.247215e+02 1.702742e+02 1.741399e+07
-5.040745e+02 4.249180e+02 1.703530e+02 1.742205e+07
-5.041987e+02 4.249166e+02 1.703524e+02 1.742199e+07
-5.043232e+02 4.277526e+02 1.714894e+02 1.753827e+07
-5.044534e+02 4.283221e+02 1.717177e+02 1.756162e+07
-5.045876e+02 4.308593e+02 1.727349e+02 1.766565e+07
-5.047285e+02 4.304295e+02 1.725626e+02 1.764803e+07
-5.048727e+02 4.286292e+02 1.718408e+02 1.757421e+07
-5.050105e+02 4.312887e+02 1.729070e+02 1.768325e+07
-5.051425e+02 4.323550e+02 1.733345e+02 1.772697e+07
-5.052713e+02 4.350551e+02 1.744170e+02 1.783768e+07
-5.053993e+02 4.331998e+02 1.736732e+02 1.776161e+07
-5.055296e+02 4.372761e+02 1.753074e+02 1.792874e+07
-5.056614e+02 4.394165e+02 1.761655e+02 1.801650e+07
-5.057871e+02 4.370817e+02 1.752295e+02 1.792077e+07
-5.059067e+02 4.369136e+02 1.751621e+02 1.791388e+07
-5.060236e+02 4.376098e+02 1.754412e+02 1.794242e+07
-5.061392e+02 4.360117e+02 1.748005e+02 1.787690e+07
-5.062562e+02 4.361286e+02 1.748474e+02 1.788169e+07
-5.063706e+02 4.371041e+02 1.752385e+02 1.792169e+07
-5.064733e+02 4.407370e+02 1.766949e+02 1.807064e+07
-5.065653e+02 4.396635e+02 1.762646e+02 1.802663e+07
-5.066528e+02 4.380802e+02 1.756298e+02 1.796171e+07
-5.067343e+02 4.380370e+02 1.756125e+02 1.795994e+07
-5.068062e+02 4.386775e+02 1.758693e+02 1.798620e+07
-5.068599e+02 4.401075e+02 1.764425e+02 1.804483e+07
-5.069006e+02 4.404229e+02 1.765690e+02 1.805776e+07
-5.069382e+02 4.407201e+02 1.766882e+02 1.806995e+07
-5.069673e+02 4.404006e+02 1.765601e+02 1.805685e+07
-5.069879e+02 4.437327e+02 1.778959e+02 1.819347e+07
-5.070018e+02 4.459153e+02 1.787710e+02 1.828296e+07
-5.070100e+02 4.462829e+02 1.789183e+02 1.829803e+07
-5.070170e+02 4.477847e+02 1.795204e+02 1.835960e+07
-5.070256e+02 4.491859e+02 1.800821e+02 1.841705e+07
-5.070375e+02 4.485464e+02 1.798258e+02 1.839084e+07
-5.070516e+02 4.473239e+02 1.793356e+02 1.834071e+07
-5.070591e+02 4.486335e+02 1.798607e+02 1.839441e+07
-5.070553e+02 4.459700e+02 1.787929e+02 1.828520e+07
-5.070470e+02 4.439703e+02 1.779912e+02 1.820321e+07
-5.070426e+02 4.424103e+02 1.773658e+02 1.813925e+07
-5.070400e+02 4.455749e+02 1.786345e+02 1.826900e+07
-5.070316e+02 4.461583e+02 1.788684e+02 1.829292e+07
-5.070183e+02 4.453869e+02 1.785591e+02 1.826129e+07
-5.070053e+02 4.461368e+02 1.788597e+02 1.829204e+07
-5.069977e+02 4.471171e+02 1.792528e+02 1.833223e+07
-5.069950e+02 4.479850e+02 1.796007e+02 1.836782e+07
-5.069903e+02 4.513645e+02 1.809556e+02 1.850638e+07
-5.069772e+02 4.531156e+02 1.816576e+02 1.857817e+07
-5.069533e+02 4.531825e+02 1.816844e+02 1.858092e+07
-5.069262e+02 4.505459e+02 1.806274e+02 1.847282e+07
-5.068994e+02 4.519009e+02 1.811706e+02 1.852837e+07
-5.068721e+02 4.498158e+02 1.803347e+02 1.844288e+07
-5.068459e+02 4.518362e+02 1.811447e+02 1.852572e+07
-5.068186e+02 4.504558e+02 1.805913e+02 1.846912e+07
-5.067885e+02 4.509277e+02 1.807805e+02 1.848847e+07
-5.067508e+02 4.467130e+02 1.790908e+02 1.831566e+07
-5.067098e+02 4.461515e+02 1.788657e+02 1.829264e+07
-5.066656e+02 4.461580e+02 1.788683e+02 1.829291e+07
-5.066178e+02 4.477387e+02 1.795020e+02 1.835772e+07
-5.065719e+02 4.488237e+02 1.799369e+02 1.840221e+07
-5.065224e+02 4.456196e+02 1.786524e+02 1.827083e+07
-5.064602e+02 4.466305e+02 1.790577e+02 1.831228e+07
-5.063913e+02 4.438515e+02 1.779436e+02 1.819834e+07
-5.063247e+02 4.422069e+02 1.772842e+02 1.813091e+07
-5.062566e+02 4.387079e+02 1.758814e+02 1.798745e+07
-5.061763e+02 4.398965e+02 1.763579e+02 1.803618e+07
-5.060827e+02 4.404431e+02 1.765771e+02 1.805859e+07
-5.059776e+02 4.419635e+02 1.771866e+02 1.812093e+07
-5.058693e+02 4.424708e+02 1.773900e+02 1.814173e+07
-5.057657e+02 4.442986e+02 1.781228e+02 1.821667e+07
-5.056628e+02 4.443552e+02 1.781455e+02 1.821899e+07
-5.055702e+02 4.456530e+02 1.786658e+02 1.827220e+07
-5.054883e+02 4.445482e+02 1.782229e+02 1.822690e+07
-5.054041e+02 4.438064e+02 1.779255e+02 1.819649e+07
-5.053137e+02 4.435722e+02 1.778316e+02 1.818689e+07
-5.052252e+02 4.411158e+02 1.768468e+02 1.808617e+07
-5.051427e+02 4.415281e+02 1.770121e+02 1.810308e+07
-5.050679e+02 4.412125e+02 1.768856e+02 1.809014e+07
-5.049978e+02 4.420839e+02 1.772349e+02 1.812587e+07
-5.049254e+02 4.381470e+02 1.756566e+02 1.796445e+07
-5.048480e+02 4.401788e+02 1.764711e+02 1.804776e+07
-5.047737e+02 4.402733e+02 1.765090e+02 1.805163e+07
-5.047092e+02 4.405519e+02 1.766207e+02 1.806305e+07
-5.046458e+02 4.411211e+02 1.768489e+02 1.808639e+07
-5.045833e+02 4.407500e+02 1.767002e+02 1.807118e+07
-5.045265e+02 4.456514e+02 1.786651e+02 1.827214e+07
-5.044736e+02 4.457686e+02 1.787121e+02 1.827694e+07
-5.044172e+02 4.449593e+02 1.783877e+02 1.824376e+07
-5.043582e+02 4.441222e+02 1.780521e+02 1.820944e+07
-5.043049e+02 4.451922e+02 1.784810e+02 1.825331e+07
-5.042598e+02 4.437894e+02 1.779186e+02 1.819579e+07
-5.042184e+02 4.430824e+02 1.776352e+02 1.816681e+07
-5.041818e+02 4.419572e+02 1.771841e+02 1.812067e+07
-5.041583e+02 4.429799e+02 1.775941e+02 1.816260e+07
-5.041443e+02 4.418760e+02 1.771516e+02 1.811734e+07
-5.041347e+02 4.389256e+02 1.759687e+02 1.799637e+07
-5.041330e+02 4.374031e+02 1.753583e+02 1.793395e+07
-5.041405e+02 4.367619e+02 1.751013e+02 1.790766e+07
-5.041516e+02 4.371828e+02 1.752700e+02 1.792492e+07
-5.041663e+02 4.363563e+02 1.749387e+02 1.789103e+07
-5.041854e+02 4.364167e+02 1.749629e+02 1.789351e+07
-5.042045e+02 4.360095e+02 1.747996e+02 1.787681e+07
-5.042292e+02 4.394089e+02 1.761625e+02 1.801619e+07
-5.042626e+02 4.398138e+02 1.763248e+02 1.803279e+07
-5.042955e+02 4.398078e+02 1.763224e+02 1.803254e+07
-5.043185e+02 4.383976e+02 1.757571e+02 1.797473e+07
-5.043327e+02 4.386624e+02 1.758632e+02 1.798558e+07
-5.043383e+02 4.373618e+02 1.753418e+02 1.793225e+07
-5.043387e+02 4.409354e+02 1.767745e+02 1.807878e+07
-5.043389e+02 4.416310e+02 1.770533e+02 1.810730e+07
-5.043379e+02 4.420822e+02 1.772342e+02 1.812580e+07
-5.043299e+02 4.440158e+02 1.780094e+02 1.820507e+07
-5.043102e+02 4.435413e+02 1.778192e+02 1.818562e+07
-5.042881e+02 4.445123e+02 1.782085e+02 1.822543e+07
-5.042648e+02 4.438406e+02 1.779392e+02 1.819789e+07
-5.042381e+02 4.457057e+02 1.786869e+02 1.827436e+07
-5.042125e+02 4.438395e+02 1.779387e+02 1.819785e+07
-5.041893e+02 4.461762e+02 1.788756e+02 1.829366e+07
-5.041609e+02 4.464819e+02 1.789981e+02 1.830619e+07
-5.041244e+02 4.483193e+02 1.797347e+02 1.838152e+07
-5.040812e+02 4.477454e+02 1.795046e+02 1.835799e+07
-5.040327e+02 4.475769e+02 1.794371e+02 1.835108e+07
-5.039831e+02 4.489879e+02 1.800028e+02 1.840894e+07
-5.039271e+02 4.511158e+02 1.808559e+02 1.849618e+07
-5.038635e+02 4.498148e+02 1.803343e+02 1.844284e+07
-5.037926e+02 4.504457e+02 1.805872e+02 1.846871e+07
-5.037215e+02 4.493161e+02 1.801344e+02 1.842240e+07
-5.036551e+02 4.503511e+02 1.805493e+02 1.846483e+07
-5.035941e+02 4.489296e+02 1.799794e+02 1.840655e+07
-5.035394e+02 4.490479e+02 1.800268e+02 1.841140e+07
-5.034829e+02 4.459757e+02 1.787952e+02 1.828543e+07
-5.034251e+02 4.499059e+02 1.803708e+02 1.844658e+07
-5.033632e+02 4.488875e+02 1.799625e+02 1.840482e+07
-5.032987e+02 4.461953e+02 1.788832e+02 1.829444e+07
-5.032331e+02 4.466050e+02 1.790475e+02 1.831124e+07
-5.031657e+02 4.445285e+02 1.782150e+02 1.822610e+07
-5.031002e+02 4.429420e+02 1.775789e+02 1.816105e+07
-5.030374e+02 4.442331e+02 1.780965e+02 1.821398e+07
-5.029762e+02 4.439388e+02 1.779785e+02 1.820192e+07
-5.029140e+02 4.436631e+02 1.778680e+02 1.819062e+07
-5.028483e+02 4.477744e+02 1.795163e+02 1.835918e+07
-5.027793e+02 4.475307e+02 1.794186e+02 1.834919e+07
-5.027100e+02 4.461323e+02 1.788579e+02 1.829186e+07
-5.026418e+02 4.459020e+02 1.787656e+02 1.828241e+07
-5.025740e+02 4.447081e+02 1.782870e+02 1.823346e+07
-5.025044e+02 4.462340e+02 1.788987e+02 1.829602e+07
-5.024325e+02 4.452007e+02 1.784845e+02 1.825366e+07
-5.023529e+02 4.421973e+02 1.772804e+02 1.813052e+07
-5.022666e+02 4.413991e+02 1.769603e+02 1.809779e+07
-5.021837e+02 4.400621e+02 1.764244e+02 1.804297e+07
-5.021061e+02 4.394014e+02 1.761595e+02 1.801588e+07
-5.020368e+02 4.382501e+02 1.756979e+02 1.796868e+07
-5.019778e+02 4.352437e+02 1.744926e+02 1.784541e+07
-5.019301e+02 4.320673e+02 1.732192e+02 1.771518e+07
-5.018816e+02 4.293152e+02 1.721159e+02 1.760234e+07
-5.018194e+02 4.286760e+02 1.718596e+02 1.757613e+07
-5.017489e+02 4.291619e+02 1.720544e+02 1.759605e+07
-5.016717e+02 4.307407e+02 1.726873e+02 1.766078e+07
-5.015898e+02 4.308421e+02 1.727280e+02 1.766494e+07
-5.015098e+02 4.312705e+02 1.728997e+02 1.768251e+07
-5.014345e+02 4.298979e+02 1.723494e+02 1.762623e+07
-5.013572e+02 4.300536e+02 1.724119e+02 1.763261e+07
-5.012676e+02 4.288241e+02 1.719190e+02 1.758220e+07
-5.011713e+02 4.261974e+02 1.708659e+02 1.747450e+07
-5.010738e+02 4.237124e+02 1.698696e+02 1.737262e+07
-5.009772e+02 4.240973e+02 1.700239e+02 1.738840e+07
-5.008803e+02 4.231452e+02 1.696422e+02 1.734936e+07
-5.007780e+02 4.226440e+02 1.694413e+02 1.732881e+07
-5.006771e+02 4.206062e+02 1.686243e+02 1.724526e+07
-5.005720e+02 4.225248e+02 1.693935e+02 1.732392e+07
-5.004550e+02 4.207252e+02 1.686720e+02 1.725014e+07
-5.003361e+02 4.205811e+02 1.686143e+02 1.724423e+07
-5.002192e+02 4.214481e+02 1.689619e+02 1.727978e+07
-5.000957e+02 4.239098e+02 1.699487e+02 1.738071e+07
-4.999717e+02 4.221953e+02 1.692614e+02 1.731041e+07
-4.998522e+02 4.233436e+02 1.697218e+02 1.735750e+07
-4.997355e+02 4.226846e+02 1.694576e+02 1.733048e+07
-4.996246e+02 4.231546e+02 1.696460e+02 1.734975e+07
-4.995247e+02 4.205312e+02 1.685943e+02 1.724219e+07
-4.994290e+02 4.203671e+02 1.685285e+02 1.723546e+07
-4.993351e+02 4.237907e+02 1.699010e+02 1.737583e+07
-4.992476e+02 4.244838e+02 1.701789e+02 1.740425e+07
-4.991585e+02 4.209684e+02 1.687696e+02 1.726011e+07
-4.990720e+02 4.228800e+02 1.695359e+02 1.733849e+07
-4.989868e+02 4.217056e+02 1.690651e+02 1.729034e+07
-4.989071e+02 4.223377e+02 1.693185e+02 1.731625e+07
-4.988398e+02 4.239332e+02 1.699581e+02 1.738167e+07
-4.987779e+02 4.217801e+02 1.690950e+02 1.729339e+07
-4.987244e+02 4.219110e+02 1.691474e+02 1.729876e+07
-4.986767e+02 4.215181e+02 1.689899e+02 1.728265e+07
-4.986279e+02 4.224036e+02 1.693449e+02 1.731895e+07
-4.985853e+02 4.241224e+02 1.700340e+02 1.738943e+07
-4.985455e+02 4.234408e+02 1.697607e+02 1.736148e+07
-4.984995e+02 4.244183e+02 1.701526e+02 1.740156e+07
-4.984460e+02 4.225923e+02 1.694206e+02 1.732669e+07
-4.983884e+02 4.251743e+02 1.704557e+02 1.743256e+07
-4.983312e+02 4.229209e+02 1.695523e+02 1.734016e+07
-4.982766e+02 4.190553e+02 1.680025e+02 1.718167e+07
-4.982255e+02 4.162692e+02 1.668856e+02 1.706744e+07
-4.981749e+02 4.161373e+02 1.668327e+02 1.706203e+07
-4.981266e+02 4.173688e+02 1.673264e+02 1.711252e+07
-4.980813e+02 4.192297e+02 1.680725e+02 1.718882e+07
-4.980369e+02 4.180946e+02 1.676174e+02 1.714228e+07
-4.979915e+02 4.155987e+02 1.666168e+02 1.703995e+07
-4.979454e+02 4.151529e+02 1.664381e+02 1.702167e+07
-4.978980e+02 4.157458e+02 1.666757e+02 1.704598e+07
-4.978453e+02 4.144448e+02 1.661542e+02 1.699264e+07
-4.977886e+02 4.139692e+02 1.659635e+02 1.697313e+07
-4.977317e+02 4.121735e+02 1.652436e+02 1.689951e+07
-4.976730e+02 4.111498e+02 1.648332e+02 1.685754e+07
-4.976080e+02 4.101801e+02 1.644444e+02 1.681778e+07
-4.975368e+02 4.103110e+02 1.644969e+02 1.682315e+07
-4.974653e+02 4.091917e+02 1.640482e+02 1.677726e+07
-4.973873e+02 4.108366e+02 1.647076e+02 1.684470e+07
-4.973057e+02 4.122882e+02 1.652896e+02 1.690421e+07
-4.972269e+02 4.128492e+02 1.655145e+02 1.692722e+07
-4.971495e+02 4.115138e+02 1.649791e+02 1.687246e+07
-4.970749e+02 4.114662e+02 1.649600e+02 1.687051e+07
-4.970041e+02 4.134493e+02 1.657551e+02 1.695182e+07
-4.969394e+02 4.138606e+02 1.659200e+02 1.696869e+07
-4.968787e+02 4.148297e+02 1.663085e+02 1.700842e+07
-4.968271e+02 4.152855e+02 1.664912e+02 1.702711e+07
-4.967853e+02 4.169757e+02 1.671688e+02 1.709641e+07
-4.967527e+02 4.179767e+02 1.675701e+02 1.713745e+07
-4.967283e+02 4.158039e+02 1.666991e+02 1.704836e+07
-4.967055e+02 4.171325e+02 1.672317e+02 1.710284e+07
-4.966854e+02 4.176655e+02 1.674454e+02 1.712469e+07
-4.966747e+02 4.165998e+02 1.670181e+02 1.708099e+07
-4.966684e+02 4.159104e+02 1.667418e+02 1.705273e+07
-4.966638e+02 4.170303e+02 1.671907e+02 1.709865e+07
-4.966678e+02 4.159602e+02 1.667617e+02 1.705477e+07
-4.966761e+02 4.182990e+02 1.676994e+02 1.715066e+07
-4.966833e+02 4.206800e+02 1.686539e+02 1.724828e+07
-4.966994e+02 4.207488e+02 1.686815e+02 1.725111e+07
-4.967285e+02 4.232265e+02 1.696748e+02 1.735269e+07
-4.967602e+02 4.238826e+02 1.699379e+02 1.737960e+07
-4.967913e+02 4.215773e+02 1.690136e+02 1.728508e+07
-4.968260e+02 4.191734e+02 1.680499e+02 1.718651e+07
-4.968775e+02 4.168920e+02 1.671353e+02 1.709297e+07
-4.969489e+02 4.162579e+02 1.668811e+02 1.706698e+07
-4.970253e+02 4.141096e+02 1.660198e+02 1.697889e+07
-4.971100e+02 4.151210e+02 1.664253e+02 1.702036e+07
-4.972119e+02 4.140234e+02 1.659852e+02 1.697536e+07
-4.973205e+02 4.146382e+02 1.662317e+02 1.700057e+07
-4.974284e+02 4.171007e+02 1.672189e+02 1.710153e+07
-4.975374e+02 4.169650e+02 1.671646e+02 1.709597e+07
-4.976556e+02 4.185600e+02 1.678040e+02 1.716137e+07
-4.977907e+02 4.176831e+02 1.674524e+02 1.712541e+07
-4.979391e+02 4.154211e+02 1.665456e+02 1.703267e+07
-4.980978e+02 4.142978e+02 1.660952e+02 1.698661e+07
-4.982698e+02 4.151940e+02 1.664545e+02 1.702336e+07
-4.984514e+02 4.145371e+02 1.661912e+02 1.699642e+07
-4.986350e+02 4.153057e+02 1.664993e+02 1.702793e+07
-4.988205e+02 4.166836e+02 1.670517e+02 1.708443e+07
-4.990175e+02 4.163675e+02 1.669250e+02 1.707147e+07
-4.992269e+02 4.178639e+02 1.675249e+02 1.713282e+07
-4.994426e+02 4.176518e+02 1.674399e+02 1.712413e+07
-4.996620e+02 4.193373e+02 1.681156e+02 1.719323e+07
-4.998887e+02 4.219338e+02 1.691566e+02 1.729969e+07
-5.001237e+02 4.241379e+02 1.700402e+02 1.739006e+07
-5.003607e+02 4.218310e+02 1.691153e+02 1.729548e+07
-5.005993e+02 4.226203e+02 1.694318e+02 1.732784e+07
-5.008371e+02 4.211029e+02 1.688235e+02 1.726563e+07
-5.010742e+02 4.196027e+02 1.682220e+02 1.720411e+07
-5.013140e+02 4.197131e+02 1.682663e+02 1.720864e+07
-5.015572e+02 4.188272e+02 1.679111e+02 1.717232e+07
-5.018094e+02 4.183327e+02 1.677129e+02 1.715204e+07
-5.020699e+02 4.191846e+02 1.680544e+02 1.718697e+07
-5.023244e+02 4.219924e+02 1.691801e+02 1.730209e+07
-5.025721e+02 4.224132e+02 1.693488e+02 1.731935e+07
-5.028110e+02 4.203813e+02 1.685342e+02 1.723604e+07
-5.030288e+02 4.222633e+02 1.692887e+02 1.731320e+07
-5.032316e+02 4.237206e+02 1.698729e+02 1.737296e+07
-5.034360e+02 4.229365e+02 1.695586e+02 1.734080e+07
-5.036387e+02 4.230826e+02 1.696171e+02 1.734679e+07
-5.038330e+02 4.239260e+02 1.699553e+02 1.738138e+07
-5.040301e+02 4.222347e+02 1.692772e+02 1.731203e+07
-5.042297e+02 4.257977e+02 1.707057e+02 1.745812e+07
-5.044249e+02 4.251140e+02 1.704315e+02 1.743008e+07
-5.046097e+02 4.251511e+02 1.704464e+02 1.743160e+07
-5.047870e+02 4.275995e+02 1.714280e+02 1.753199e+07
-5.049587e+02 4.302694e+02 1.724984e+02 1.764146e+07
-5.051242e+02 4.329500e+02 1.735731e+02 1.775137e+07
-5.052947e+02 4.307470e+02 1.726899e+02 1.766104e+07
-5.054673e+02 4.267694e+02 1.710952e+02 1.749796e+07
-5.056326e+02 4.283408e+02 1.717252e+02 1.756239e+07
-5.057891e+02 4.289443e+02 1.719671e+02 1.758713e+07
-5.059416e+02 4.268236e+02 1.711169e+02 1.750018e+07
-5.060877e+02 4.271037e+02 1.712292e+02 1.751166e+07
-5.062166e+02 4.294505e+02 1.721701e+02 1.760788e+07
-5.063383e+02 4.301365e+02 1.724451e+02 1.763601e+07
-5.064514e+02 4.308502e+02 1.727312e+02 1.766528e+07
-5.065498e+02 4.313071e+02 1.729144e+02 1.768401e+07
-5.066423e+02 4.333811e+02 1.737459e+02 1.776904e+07
-5.067246e+02 4.337031e+02 1.738750e+02 1.778225e+07
-5.067969e+02 4.347170e+02 1.742814e+02 1.782381e+07
-5.068617e+02 4.346916e+02 1.742713e+02 1.782278e+07
-5.069123e+02 4.366389e+02 1.750520e+02 1.790262e+07
-5.069477e+02 4.360461e+02 1.748143e+02 1.787831e+07
-5.069754e+02 4.344226e+02 1.741634e+02 1.781175e+07
-5.069955e+02 4.351279e+02 1.744462e+02 1.784066e+07
-5.070087e+02 4.368502e+02 1.751367e+02 1.791128e+07
-5.070182e+02 4.378590e+02 1.755411e+02 1.795264e+07
-5.070245e+02 4.393567e+02 1.761416e+02 1.801405e+07
-5.070259e+02 4.399162e+02 1.763658e+02 1.803699e+07
-5.070163e+02 4.389546e+02 1.759804e+02 1.799756e+07
-5.069979e+02 4.420914e+02 1.772379e+02 1.812617e+07
-5.069722e+02 4.399720e+02 1.763882e+02 1.803928e+07
-5.069368e+02 4.394966e+02 1.761976e+02 1.801978e+07
-5.068896e+02 4.377531e+02 1.754987e+02 1.794830e+07
-5.068262e+02 4.366764e+02 1.750670e+02 1.790415e+07
-5.067483e+02 4.353150e+02 1.745212e+02 1.784833e+07
-5.066619e+02 4.377261e+02 1.754878e+02 1.794719e+07
-5.065617e+02 4.397647e+02 1.763051e+02 1.803078e+07
-5.064449e+02 4.409548e+02 1.767822e+02 1.807957e+07
-5.063155e+02 4.434233e+02 1.777719e+02 1.818078e+07
-5.061733e+02 4.418460e+02 1.771395e+02 1.811611e+07
-5.060207e+02 4.442614e+02 1.781079e+02 1.821514e+07
-5.058632e+02 4.425055e+02 1.774039e+02 1.814315e+07
-5.057086e+02 4.427099e+02 1.774859e+02 1.815153e+07
-5.055555e+02 4.430082e+02 1.776054e+02 1.816376e+07
-5.053933e+02 4.444311e+02 1.781759e+02 1.822210e+07
-5.052229e+02 4.429417e+02 1.775788e+02 1.816104e+07
-5.050506e+02 4.410932e+02 1.768377e+02 1.808525e+07
-5.048745e+02 4.414560e+02 1.769832e+02 1.810012e+07
-5.046981e+02 4.407767e+02 1.767108e+02 1.807227e+07
-5.045249e+02 4.416253e+02 1.770510e+02 1.810706e+07
-5.043560e+02 4.419603e+02 1.771854e+02 1.812080e+07
-5.041929e+02 4.404015e+02 1.765604e+02 1.805689e+07
-5.040297e+02 4.402024e+02 1.764806e+02 1.804872e+07
-5.038641e+02 4.422640e+02 1.773071e+02 1.813325e+07
-5.036989e+02 4.425140e+02 1.774073e+02 1.814350e+07
-5.035364e+02 4.410022e+02 1.768013e+02 1.808152e+07
-5.033838e+02 4.365536e+02 1.750178e+02 1.789912e+07
-5.032414e+02 4.334301e+02 1.737655e+02 1.777105e+07
-5.030991e+02 4.382904e+02 1.757141e+02 1.797033e+07
-5.029568e+02 4.383428e+02 1.757351e+02 1.797248e+07
-5.028160e+02 4.396167e+02 1.762458e+02 1.802471e+07
-5.026799e+02 4.386199e+02 1.758462e+02 1.798384e+07
-5.025508e+02 4.403809e+02 1.765522e+02 1.805604e+07
-5.024257e+02 4.401993e+02 1.764794e+02 1.804860e+07
-5.023112e+02 4.401331e+02 1.764528e+02 1.804588e+07
-5.021996e+02 4.393072e+02 1.761217e+02 1.801202e+07
-5.020804e+02 4.415463e+02 1.770194e+02 1.810382e+07
-5.019614e+02 4.400630e+02 1.764247e+02 1.804301e+07
-5.018487e+02 4.435128e+02 1.778078e+02 1.818445e+07
-5.017426e+02 4.418693e+02 1.771489e+02 1.811707e+07
-5.016360e+02 4.437181e+02 1.778901e+02 1.819287e+07
-5.015259e+02 4.426812e+02 1.774744e+02 1.815036e+07
-5.014143e+02 4.395378e+02 1.762141e+02 1.802147e+07
-5.013042e+02 4.397001e+02 1.762792e+02 1.802813e+07
-5.012020e+02 4.396868e+02 1.762739e+02 1.802758e+07
-5.011117e+02 4.376373e+02 1.754522e+02 1.794355e+07
-5.010253e+02 4.369558e+02 1.751790e+02 1.791561e+07
-5.009366e+02 4.409184e+02 1.767677e+02 1.807808e+07
-5.008425e+02 4.426563e+02 1.774644e+02 1.814934e+07
-5.007457e+02 4.459316e+02 1.787775e+02 1.828363e+07
-5.006555e+02 4.448570e+02 1.783466e+02 1.823956e+07
-5.005732e+02 4.429423e+02 1.775790e+02 1.816106e+07
-5.004977e+02 4.469768e+02 1.791965e+02 1.832648e+07
-5.004270e+02 4.479306e+02 1.795789e+02 1.836559e+07
-5.003606e+02 4.484802e+02 1.797992e+02 1.838812e+07
-5.002990e+02 4.473215e+02 1.793347e+02 1.834061e+07
-5.002415e+02 4.458633e+02 1.787501e+02 1.828083e+07
-5.001844e+02 4.472669e+02 1.793128e+02 1.833838e+07
-5.001237e+02 4.453496e+02 1.785441e+02 1.825976e+07
-5.000599e+02 4.428999e+02 1.775620e+02 1.815932e+07
-4.999989e+02 4.422899e+02 1.773175e+02 1.813431e+07
-4.999349e+02 4.442005e+02 1.780835e+02 1.821265e+07
-4.998669e+02 4.428162e+02 1.775285e+02 1.815589e+07
-4.997954e+02 4.414682e+02 1.769881e+02 1.810062e+07
-4.997137e+02 4.404211e+02 1.765683e+02 1.805769e+07
-4.996269e+02 4.400186e+02 1.764069e+02 1.804119e+07
-4.995391e+02 4.389984e+02 1.759979e+02 1.799936e+07
-4.994489e+02 4.404453e+02 1.765780e+02 1.805868e+07
-4.993503e+02 4.395052e+02 1.762011e+02 1.802014e+07
-4.992456e+02 4.423429e+02 1.773388e+02 1.813649e+07
-4.991406e+02 4.430438e+02 1.776197e+02 1.816522e+07
-4.990328e+02 4.421839e+02 1.772750e+02 1.812997e+07
-4.989180e+02 4.421743e+02 1.772711e+02 1.812957e+07
-4.988065e+02 4.417713e+02 1.771096e+02 1.811305e+07
-4.987040e+02 4.398740e+02 1.763489e+02 1.803526e+07
-4.986043e+02 4.413344e+02 1.769344e+02 1.809513e+07
-4.985035e+02 4.407162e+02 1.766866e+02 1.806979e+07
-4.984044e+02 4.421901e+02 1.772775e+02 1.813022e+07
-4.983115e+02 4.422487e+02 1.773010e+02 1.813262e+07
-4.982157e+02 4.426888e+02 1.774774e+02 1.815067e+07
-4.981198e+02 4.413708e+02 1.769490e+02 1.809663e+07
-4.980180e+02 4.407820e+02 1.767130e+02 1.807249e+07
-4.979077e+02 4.395290e+02 1.762106e+02 1.802111e+07
-4.977977e+02 4.390605e+02 1.760228e+02 1.800190e+07
-4.976836e+02 4.387030e+02 1.758795e+02 1.798724e+07
-4.975657e+02 4.417079e+02 1.770842e+02 1.811045e+07
-4.974468e+02 4.402990e+02 1.765193e+02 1.805268e+07
-4.973213e+02 4.444061e+02 1.781659e+02 1.822108e+07
-4.971871e+02 4.435927e+02 1.778398e+02 1.818773e+07
-4.970483e+02 4.452989e+02 1.785238e+02 1.825769e+07
-4.969022e+02 4.468650e+02 1.791517e+02 1.832190e+07
-4.967503e+02 4.456684e+02 1.786719e+02 1.827283e+07
-4.965988e+02 4.455478e+02 1.786236e+02 1.826789e+07
-4.964444e+02 4.455722e+02 1.786334e+02 1.826889e+07
-4.962826e+02 4.478345e+02 1.795404e+02 1.836165e+07
-4.961104e+02 4.455869e+02 1.786393e+02 1.826949e+07
-4.959285e+02 4.429732e+02 1.775914e+02 1.816233e+07
-4.957360e+02 4.416199e+02 1.770489e+02 1.810684e+07
-4.955370e+02 4.405883e+02 1.766353e+02 1.806455e+07
-4.953332e+02 4.441007e+02 1.780435e+02 1.820856e+07
-4.951242e+02 4.450956e+02 1.784423e+02 1.824935e+07
-4.949110e+02 4.445039e+02 1.782051e+02 1.822509e+07
-4.946936e+02 4.427066e+02 1.774846e+02 1.815140e+07
-4.944775e+02 4.411019e+02 1.768412e+02 1.808561e+07
-4.942650e+02 4.406976e+02 1.766791e+02 1.806903e+07
-4.940570e+02 4.390453e+02 1.760167e+02 1.800128e+07
-4.938531e+02 4.357984e+02 1.747150e+02 1.786816e+07
-4.936489e+02 4.362675e+02 1.749031e+02 1.788739e+07
-4.934413e+02 4.369621e+02 1.751815e+02 1.791587e+07
-4.932314e+02 4.369258e+02 1.751670e+02 1.791438e+07
-4.930216e+02 4.328004e+02 1.735131e+02 1.774523e+07
-4.928133e+02 4.337400e+02 1.738898e+02 1.778376e+07
-4.925950e+02 4.344340e+02 1.741680e+02 1.781221e+07
-4.923639e+02 4.364700e+02 1.749842e+02 1.789569e+07
-4.921257e+02 4.374743e+02 1.753869e+02 1.793687e+07
-4.918853e+02 4.378104e+02 1.755216e+02 1.795065e+07
-4.916479e+02 4.402557e+02 1.765020e+02 1.805091e+07
-4.914121e+02 4.403449e+02 1.765377e+02 1.805456e+07
-4.911745e+02 4.394361e+02 1.761734e+02 1.801730e+07
-4.909325e+02 4.377972e+02 1.755163e+02 1.795011e+07
-4.906925e+02 4.338651e+02 1.739399e+02 1.778889e+07
-4.904543e+02 4.366679e+02 1.750636e+02 1.790381e+07
-4.902155e+02 4.351249e+02 1.744450e+02 1.784054e+07
-4.899807e+02 4.336141e+02 1.738393e+02 1.777860e+07
-4.897401e+02 4.296341e+02 1.722437e+02 1.761541e+07
-4.894951e+02 4.280792e+02 1.716203e+02 1.755166e+07
-4.892537e+02 4.267042e+02 1.710690e+02 1.749528e+07
-4.890125e+02 4.300145e+02 1.723962e+02 1.763101e+07
-4.887810e+02 4.298253e+02 1.723203e+02 1.762325e+07
-4.885625e+02 4.337067e+02 1.738764e+02 1.778239e+07
-4.883450e+02 4.328852e+02 1.735471e+02 1.774871e+07
-4.881286e+02 4.328721e+02 1.735418e+02 1.774817e+07
-4.879150e+02 4.349582e+02 1.743782e+02 1.783371e+07
-4.877015e+02 4.354652e+02 1.745814e+02 1.785449e+07
-4.874962e+02 4.352732e+02 1.745044e+02 1.784662e+07
-4.873034e+02 4.338880e+02 1.739491e+02 1.778983e+07
-4.871174e+02 4.330471e+02 1.736120e+02 1.775535e+07
-4.869378e+02 4.343633e+02 1.741397e+02 1.780931e+07
-4.867659e+02 4.335070e+02 1.737964e+02 1.777421e+07
-4.865991e+02 4.335584e+02 1.738170e+02 1.777631e+07
-4.864334e+02 4.321737e+02 1.732618e+02 1.771954e+07
-4.862721e+02 4.348484e+02 1.743342e+02 1.782921e+07
-4.861210e+02 4.339435e+02 1.739714e+02 1.779210e+07
-4.859797e+02 4.327526e+02 1.734939e+02 1.774327e+07
-4.858428e+02 4.332891e+02 1.737090e+02 1.776527e+07
-4.857026e+02 4.353010e+02 1.745156e+02 1.784776e+07
-4.855593e+02 4.368436e+02 1.751340e+02 1.791101e+07
-4.854214e+02 4.359800e+02 1.747878e+02 1.787560e+07
-4.852973e+02 4.360128e+02 1.748009e+02 1.787694e+07
-4.851828e+02 4.340281e+02 1.740053e+02 1.779557e+07
-4.850657e+02 4.328168e+02 1.735196e+02 1.774591e+07
-4.849473e+02 4.345761e+02 1.742250e+02 1.781804e+07
-4.848237e+02 4.351887e+02 1.744706e+02 1.784316e+07
-4.846897e+02 4.375841e+02 1.754309e+02 1.794137e+07
-4.845579e+02 4.367959e+02 1.751149e+02 1.790905e+07
-4.844236e+02 4.366450e+02 1.750544e+02 1.790287e+07
-4.842890e+02 4.363724e+02 1.749451e+02 1.789169e+07
-4.841547e+02 4.382665e+02 1.757045e+02 1.796935e+07
-4.840163e+02 4.401307e+02 1.764518e+02 1.804578e+07
-4.838753e+02 4.407388e+02 1.766957e+02 1.807072e+07
-4.837337e+02 4.407692e+02 1.767078e+02 1.807196e+07
-4.835924e+02 4.382364e+02 1.756924e+02 1.796811e+07
-4.834431e+02 4.373871e+02 1.753519e+02 1.793329e+07
-4.832969e+02 4.383938e+02 1.757555e+02 1.797457e+07
-4.831656e+02 4.360765e+02 1.748265e+02 1.787956e+07
-4.830441e+02 4.361465e+02 1.748546e+02 1.788243e+07
-4.829244e+02 4.346725e+02 1.742636e+02 1.782199e+07
-4.828056e+02 4.359565e+02 1.747784e+02 1.787464e+07
-4.826927e+02 4.344367e+02 1.741691e+02 1.781232e+07
-4.825758e+02 4.359859e+02 1.747902e+02 1.787584e+07
-4.824505e+02 4.365999e+02 1.750363e+02 1.790102e+07
-4.823273e+02 4.319751e+02 1.731822e+02 1.771139e+07
-4.822017e+02 4.308123e+02 1.727160e+02 1.766372e+07
-4.820763e+02 4.319900e+02 1.731882e+02 1.771201e+07
-4.819490e+02 4.292086e+02 1.720731e+02 1.759797e+07
-4.818158e+02 4.271882e+02 1.712631e+02 1.751513e+07
-4.816823e+02 4.272583e+02 1.712912e+02 1.751800e+07
-4.815505e+02 4.286095e+02 1.718329e+02 1.757340e+07
-4.814178e+02 4.270636e+02 1.712132e+02 1.751002e+07
-4.812780e+02 4.284477e+02 1.717681e+02 1.756677e+07
-4.811363e+02 4.269459e+02 1.711660e+02 1.750520e+07
-4.809938e+02 4.265951e+02 1.710253e+02 1.749081e+07
-4.808477e+02 4.261191e+02 1.708345e+02 1.747129e+07
-4.807020e+02 4.252334e+02 1.704794e+02 1.743498e+07
-4.805640e+02 4.241153e+02 1.700311e+02 1.738914e+07
-4.804385e+02 4.263126e+02 1.709121e+02 1.747923e+07
-4.803245e+02 4.280458e+02 1.716069e+02 1.755029e+07
-4.802190e+02 4.290480e+02 1.720087e+02 1.759138e+07
-4.801227e+02 4.277177e+02 1.714754e+02 1.753684e+07
-4.800376e+02 4.269744e+02 1.711774e+02 1.750636e+07
-4.799588e+02 4.282549e+02 1.716908e+02 1.755886e+07
-4.798807e+02 4.278112e+02 1.715129e+02 1.754067e+07
-4.797995e+02 4.292276e+02 1.720807e+02 1.759874e+07
-4.797169e+02 4.281606e+02 1.716529e+02 1.755500e+07
-4.796363e+02 4.274183e+02 1.713554e+02 1.752456e+07
-4.795595e+02 4.285565e+02 1.718117e+02 1.757123e+07
-4.794837e+02 4.279636e+02 1.715740e+02 1.754692e+07
-4.794026e+02 4.277424e+02 1.714853e+02 1.753785e+07
-4.793167e+02 4.267380e+02 1.710826e+02 1.749667e+07
-4.792243e+02 4.285040e+02 1.717906e+02 1.756908e+07
-4.791250e+02 4.280732e+02 1.716179e+02 1.755142e+07
-4.790292e+02 4.278026e+02 1.715094e+02 1.754032e+07
-4.789388e+02 4.259207e+02 1.707550e+02 1.746316e+07
-4.788498e+02 4.279083e+02 1.715518e+02 1.754465e+07
-4.787596e+02 4.305363e+02 1.726054e+02 1.765241e+07
-4.786712e+02 4.291991e+02 1.720693e+02 1.759758e+07
-4.785778e+02 4.268340e+02 1.711211e+02 1.750061e+07
-4.784702e+02 4.284185e+02 1.717563e+02 1.756557e+07
-4.783551e+02 4.262152e+02 1.708730e+02 1.747523e+07
-4.782318e+02 4.248771e+02 1.703366e+02 1.742037e+07
-4.780993e+02 4.276775e+02 1.714593e+02 1.753519e+07
-4.779660e+02 4.286113e+02 1.718336e+02 1.757348e+07
-4.778351e+02 4.253926e+02 1.705432e+02 1.744151e+07
-4.777098e+02 4.279396e+02 1.715643e+02 1.754593e+07
-4.775902e+02 4.249538e+02 1.703673e+02 1.742351e+07
-4.774788e+02 4.265386e+02 1.710027e+02 1.748849e+07
-4.773761e+02 4.288090e+02 1.719129e+02 1.758158e+07
-4.772844e+02 4.282989e+02 1.717084e+02 1.756067e+07
-4.772008e+02 4.282323e+02 1.716817e+02 1.755794e+07
-4.771109e+02 4.285351e+02 1.718031e+02 1.757035e+07
-4.770108e+02 4.285084e+02 1.717924e+02 1.756926e+07
-4.769051e+02 4.289324e+02 1.719624e+02 1.758664e+07
-4.767952e+02 4.292693e+02 1.720974e+02 1.760045e+07
-4.766799e+02 4.286615e+02 1.718538e+02 1.757554e+07
-4.765713e+02 4.289312e+02 1.719619e+02 1.758659e+07
-4.764751e+02 4.271396e+02 1.712436e+02 1.751314e+07
-4.763881e+02 4.256703e+02 1.706545e+02 1.745289e+07
-4.762957e+02 4.279341e+02 1.715621e+02 1.754571e+07
-4.761954e+02 4.277757e+02 1.714986e+02 1.753922e+07
-4.760980e+02 4.259365e+02 1.707613e+02 1.746381e+07
-4.759993e+02 4.253787e+02 1.705376e+02 1.744094e+07
-4.758973e+02 4.269365e+02 1.711622e+02 1.750481e+07
-4.757952e+02 4.272913e+02 1.713044e+02 1.751936e+07
-4.756980e+02 4.270555e+02 1.712099e+02 1.750969e+07
-4.756005e+02 4.286729e+02 1.718583e+02 1.757600e+07
-4.754896e+02 4.283641e+02 1.717345e+02 1.756334e+07
-4.753698e+02 4.308933e+02 1.727485e+02 1.766704e+07
-4.752527e+02 4.311925e+02 1.728685e+02 1.767931e+07
-4.751361e+02 4.314835e+02 1.729851e+02 1.769124e+07
-4.750155e+02 4.324621e+02 1.733775e+02 1.773136e+07
-4.748981e+02 4.332932e+02 1.737107e+02 1.776544e+07
-4.747895e+02 4.326828e+02 1.734659e+02 1.774041e+07
-4.746872e+02 4.361283e+02 1.748472e+02 1.788168e+07
-4.745911e+02 4.379583e+02 1.755809e+02 1.795671e+07
-4.745063e+02 4.404057e+02 1.765621e+02 1.805706e+07
-4.744324e+02 4.394327e+02 1.761720e+02 1.801717e+07
-4.743609e+02 4.409123e+02 1.767652e+02 1.807783e+07
-4.742875e+02 4.435487e+02 1.778222e+02 1.818593e+07
-4.742212e+02 4.457030e+02 1.786858e+02 1.827425e+07
-4.741650e+02 4.449027e+02 1.783650e+02 1.824144e+07
-4.741066e+02 4.434232e+02 1.777718e+02 1.818078e+07
-4.740443e+02 4.445510e+02 1.782240e+02 1.822702e+07
-4.739786e+02 4.442822e+02 1.781162e+02 1.821600e+07
-4.739166e+02 4.449234e+02 1.783733e+02 1.824229e+07
-4.738548e+02 4.477427e+02 1.795036e+02 1.835788e+07
-4.737879e+02 4.487070e+02 1.798902e+02 1.839742e+07
-4.737255e+02 4.478134e+02 1.795319e+02 1.836078e+07
-4.736598e+02 4.471586e+02 1.792694e+02 1.833393e+07
-4.735851e+02 4.484684e+02 1.797945e+02 1.838764e+07
-4.735007e+02 4.481023e+02 1.796477e+02 1.837263e+07
-4.734141e+02 4.487710e+02 1.799158e+02 1.840004e+07
-4.733330e+02 4.495798e+02 1.802401e+02 1.843321e+07
-4.732519e+02 4.485112e+02 1.798117e+02 1.838939e+07
-4.731738e+02 4.494501e+02 1.801881e+02 1.842789e+07
-4.730999e+02 4.507374e+02 1.807042e+02 1.848067e+07
-4.730331e+02 4.520780e+02 1.812416e+02 1.853563e+07
-4.729712e+02 4.533899e+02 1.817676e+02 1.858942e+07
-4.729024e+02 4.509736e+02 1.807989e+02 1.849035e+07
-4.728283e+02 4.506782e+02 1.806804e+02 1.847824e+07
-4.727567e+02 4.510828e+02 1.808426e+02 1.849483e+07
-4.726908e+02 4.515640e+02 1.810355e+02 1.851456e+07
-4.726267e+02 4.512529e+02 1.809108e+02 1.850181e+07
-4.725667e+02 4.491994e+02 1.800876e+02 1.841761e+07
-4.725061e+02 4.451703e+02 1.784723e+02 1.825241e+07
-4.724512e+02 4.438685e+02 1.779504e+02 1.819904e+07
-4.724145e+02 4.449650e+02 1.783899e+02 1.824399e+07
-4.723859e+02 4.459038e+02 1.787663e+02 1.828249e+07
-4.723644e+02 4.448929e+02 1.783610e+02 1.824104e+07
-4.723526e+02 4.417883e+02 1.771164e+02 1.811375e+07
-4.723542e+02 4.403689e+02 1.765474e+02 1.805555e+07
-4.723707e+02 4.389730e+02 1.759877e+02 1.799831e+07
-4.723920e+02 4.375023e+02 1.753981e+02 1.793802e+07
-4.724099e+02 4.382019e+02 1.756786e+02 1.796670e+07
-4.724277e+02 4.408574e+02 1.767432e+02 1.807558e+07
-4.724552e+02 4.451640e+02 1.784698e+02 1.825215e+07
-4.724941e+02 4.462441e+02 1.789028e+02 1.829644e+07
-4.725356e+02 4.473309e+02 1.793385e+02 1.834100e+07
-4.725752e+02 4.514771e+02 1.810007e+02 1.851100e+07
-4.726184e+02 4.495514e+02 1.802287e+02 1.843204e+07
-4.726708e+02 4.534014e+02 1.817722e+02 1.858989e+07
-4.727241e+02 4.546174e+02 1.822597e+02 1.863975e+07
-4.727785e+02 4.530335e+02 1.816247e+02 1.857481e+07
-4.728376e+02 4.520659e+02 1.812368e+02 1.853514e+07
-4.728911e+02 4.535306e+02 1.818240e+02 1.859519e+07
-4.729365e+02 4.544242e+02 1.821822e+02 1.863183e+07
-4.729788e+02 4.569251e+02 1.831849e+02 1.873437e+07
-4.730218e+02 4.560368e+02 1.828288e+02 1.869795e+07
-4.730567e+02 4.577399e+02 1.835115e+02 1.876778e+07
-4.730776e+02 4.558576e+02 1.827569e+02 1.869060e+07
-4.730924e+02 4.534516e+02 1.817923e+02 1.859195e+07
-4.731120e+02 4.526120e+02 1.814557e+02 1.855753e+07
-4.731444e+02 4.522899e+02 1.813266e+02 1.854432e+07
-4.731792e+02 4.524921e+02 1.814077e+02 1.855261e+07
-4.732010e+02 4.512819e+02 1.809225e+02 1.850299e+07
-4.732119e+02 4.524565e+02 1.813934e+02 1.855115e+07
-4.732141e+02 4.514329e+02 1.809830e+02 1.850918e+07
-4.732103e+02 4.510219e+02 1.808182e+02 1.849233e+07
-4.732007e+02 4.502123e+02 1.804936e+02 1.845914e+07
-4.731850e+02 4.505411e+02 1.806255e+02 1.847262e+07
-4.731610e+02 4.523517e+02 1.813514e+02 1.854686e+07
-4.731261e+02 4.527640e+02 1.815166e+02 1.856376e+07
-4.730765e+02 4.505792e+02 1.806407e+02 1.847418e+07
-4.730153e+02 4.553064e+02 1.825359e+02 1.866800e+07
-4.729446e+02 4.569461e+02 1.831933e+02 1.873523e+07
-4.728562e+02 4.575992e+02 1.834551e+02 1.876201e+07
-4.727545e+02 4.589647e+02 1.840026e+02 1.881800e+07
-4.726467e+02 4.613973e+02 1.849778e+02 1.891774e+07
-4.725325e+02 4.601766e+02 1.844884e+02 1.886768e+07
-4.724174e+02 4.579136e+02 1.835812e+02 1.877490e+07
-4.722967e+02 4.596935e+02 1.842947e+02 1.884788e+07
-4.721718e+02 4.583562e+02 1.837586e+02 1.879304e+07
-4.720489e+02 4.570580e+02 1.832382e+02 1.873982e+07
-4.719193e+02 4.588475e+02 1.839556e+02 1.881319e+07
-4.717857e+02 4.557496e+02 1.827136e+02 1.868617e+07
-4.716482e+02 4.560765e+02 1.828447e+02 1.869958e+07
-4.714981e+02 4.569939e+02 1.832124e+02 1.873719e+07
-4.713302e+02 4.577920e+02 1.835324e+02 1.876991e+07
-4.711492e+02 4.572756e+02 1.833254e+02 1.874874e+07
-4.709529e+02 4.597310e+02 1.843098e+02 1.884941e+07
-4.707427e+02 4.598910e+02 1.843739e+02 1.885597e+07
-4.705228e+02 4.618104e+02 1.851434e+02 1.893467e+07
-4.702898e+02 4.594075e+02 1.841801e+02 1.883615e+07
-4.700482e+02 4.607777e+02 1.847294e+02 1.889233e+07
-4.697942e+02 4.572449e+02 1.833131e+02 1.874748e+07
-4.695225e+02 4.584415e+02 1.837928e+02 1.879655e+07
-4.692287e+02 4.585881e+02 1.838516e+02 1.880255e+07
-4.689217e+02 4.620626e+02 1.852445e+02 1.894501e+07
-4.686076e+02 4.638990e+02 1.859808e+02 1.902031e+07
-4.682833e+02 4.641272e+02 1.860722e+02 1.902966e+07
-4.679557e+02 4.661366e+02 1.868778e+02 1.911205e+07
-4.676207e+02 4.665799e+02 1.870555e+02 1.913022e+07
-4.672794e+02 4.649900e+02 1.864181e+02 1.906504e+07
-4.669382e+02 4.650403e+02 1.864383e+02 1.906710e+07
-4.665958e+02 4.653072e+02 1.865453e+02 1.907805e+07
-4.662525e+02 4.620876e+02 1.852545e+02 1.894604e+07
-4.659034e+02 4.621982e+02 1.852989e+02 1.895057e+07
-4.655459e+02 4.583364e+02 1.837507e+02 1.879223e+07
-4.651794e+02 4.595895e+02 1.842530e+02 1.884361e+07
-4.648054e+02 4.565898e+02 1.830504e+02 1.872062e+07
-4.644376e+02 4.563828e+02 1.829674e+02 1.871213e+07
-4.640783e+02 4.586413e+02 1.838729e+02 1.880474e+07
-4.637203e+02 4.583796e+02 1.837680e+02 1.879401e+07
-4.633625e+02 4.596932e+02 1.842946e+02 1.884786e+07
-4.630102e+02 4.598604e+02 1.843616e+02 1.885472e+07
-4.626709e+02 4.609098e+02 1.847823e+02 1.889775e+07
-4.623399e+02 4.623482e+02 1.853590e+02 1.895672e+07
-4.620133e+02 4.612070e+02 1.849015e+02 1.890993e+07
-4.616921e+02 4.624187e+02 1.853873e+02 1.895961e+07
-4.613793e+02 4.628753e+02 1.855704e+02 1.897834e+07
-4.610791e+02 4.611094e+02 1.848624e+02 1.890593e+07
-4.608047e+02 4.660377e+02 1.868382e+02 1.910799e+07
-4.605503e+02 4.679174e+02 1.875918e+02 1.918506e+07
-4.603031e+02 4.697057e+02 1.883087e+02 1.925839e+07
-4.600721e+02 4.716320e+02 1.890810e+02 1.933737e+07
-4.598635e+02 4.705386e+02 1.886426e+02 1.929253e+07
-4.596678e+02 4.715994e+02 1.890679e+02 1.933603e+07
-4.594704e+02 4.724712e+02 1.894174e+02 1.937178e+07
-4.592770e+02 4.718373e+02 1.891633e+02 1.934578e+07
-4.590991e+02 4.697346e+02 1.883203e+02 1.925957e+07
-4.589348e+02 4.686252e+02 1.878755e+02 1.921408e+07
-4.587877e+02 4.692392e+02 1.881217e+02 1.923926e+07
-4.586670e+02 4.647958e+02 1.863403e+02 1.905708e+07
-4.585659e+02 4.618538e+02 1.851608e+02 1.893645e+07
-4.584729e+02 4.608874e+02 1.847734e+02 1.889683e+07
-4.583935e+02 4.587671e+02 1.839233e+02 1.880989e+07
-4.583384e+02 4.560674e+02 1.828410e+02 1.869920e+07
-4.583036e+02 4.565090e+02 1.830181e+02 1.871731e+07
-4.582849e+02 4.574241e+02 1.833849e+02 1.875483e+07
-4.582810e+02 4.576797e+02 1.834874e+02 1.876531e+07
-4.582903e+02 4.605456e+02 1.846364e+02 1.888282e+07
-4.583113e+02 4.604083e+02 1.845813e+02 1.887718e+07
-4.583414e+02 4.594892e+02 1.842128e+02 1.883950e+07
-4.583830e+02 4.586966e+02 1.838951e+02 1.880700e+07
-4.584451e+02 4.551363e+02 1.824677e+02 1.866103e+07
-4.585273e+02 4.563144e+02 1.829400e+02 1.870933e+07
-4.586198e+02 4.568680e+02 1.831620e+02 1.873203e+07
-4.587266e+02 4.575023e+02 1.834163e+02 1.875804e+07
-4.588499e+02 4.601452e+02 1.844758e+02 1.886640e+07
-4.589826e+02 4.599013e+02 1.843780e+02 1.885640e+07
-4.591246e+02 4.609759e+02 1.848088e+02 1.890046e+07
-4.592716e+02 4.615153e+02 1.850251e+02 1.892257e+07
-4.594221e+02 4.619608e+02 1.852037e+02 1.894084e+07
-4.595805e+02 4.615333e+02 1.850323e+02 1.892331e+07
-4.597465e+02 4.617131e+02 1.851044e+02 1.893068e+07
-4.599143e+02 4.620375e+02 1.852345e+02 1.894398e+07
-4.600833e+02 4.615813e+02 1.850516e+02 1.892528e+07
-4.602529e+02 4.607060e+02 1.847007e+02 1.888939e+07
-4.604199e+02 4.620674e+02 1.852464e+02 1.894521e+07
-4.605919e+02 4.641624e+02 1.860864e+02 1.903111e+07
-4.607693e+02 4.649487e+02 1.864016e+02 1.906335e+07
-4.609433e+02 4.662569e+02 1.869261e+02 1.911698e+07
-4.611244e+02 4.664785e+02 1.870149e+02 1.912607e+07
-4.613128e+02 4.671471e+02 1.872829e+02 1.915348e+07
-4.615009e+02 4.654433e+02 1.865999e+02 1.908362e+07
-4.616964e+02 4.655278e+02 1.866337e+02 1.908709e+07
-4.618897e+02 4.629698e+02 1.856082e+02 1.898221e+07
-4.620737e+02 4.621602e+02 1.852837e+02 1.894901e+07
-4.622517e+02 4.648941e+02 1.863797e+02 1.906111e+07
-4.624259e+02 4.666708e+02 1.870920e+02 1.913395e+07
-4.625935e+02 4.671768e+02 1.872948e+02 1.915470e+07
-4.627584e+02 4.703977e+02 1.885861e+02 1.928676e+07
-4.629200e+02 4.731873e+02 1.897045e+02 1.940114e+07
-4.630735e+02 4.727732e+02 1.895385e+02 1.938416e+07
-4.632169e+02 4.719146e+02 1.891943e+02 1.934896e+07
-4.633539e+02 4.732192e+02 1.897173e+02 1.940244e+07
-4.634943e+02 4.736221e+02 1.898788e+02 1.941896e+07
-4.636295e+02 4.768811e+02 1.911854e+02 1.955258e+07
-4.637567e+02 4.792339e+02 1.921286e+02 1.964905e+07
-4.638846e+02 4.784945e+02 1.918322e+02 1.961873e+07
-4.640092e+02 4.768318e+02 1.911656e+02 1.955056e+07
-4.641210e+02 4.754407e+02 1.906079e+02 1.949353e+07
-4.642240e+02 4.766592e+02 1.910964e+02 1.954349e+07
-4.643260e+02 4.785246e+02 1.918443e+02 1.961997e+07
-4.644213e+02 4.796765e+02 1.923061e+02 1.966720e+07
-4.645072e+02 4.786668e+02 1.919013e+02 1.962580e+07
-4.645876e+02 4.766165e+02 1.910793e+02 1.954174e+07
-4.646632e+02 4.760062e+02 1.908346e+02 1.951671e+07
-4.647408e+02 4.779012e+02 1.915944e+02 1.959441e+07
-4.648144e+02 4.767798e+02 1.911447e+02 1.954843e+07
-4.648817e+02 4.790463e+02 1.920534e+02 1.964136e+07
-4.649501e+02 4.795737e+02 1.922649e+02 1.966298e+07
-4.650184e+02 4.756617e+02 1.906965e+02 1.950259e+07
-4.650855e+02 4.746238e+02 1.902804e+02 1.946003e+07
-4.651517e+02 4.740775e+02 1.900614e+02 1.943764e+07
-4.652138e+02 4.758678e+02 1.907791e+02 1.951104e+07
-4.652676e+02 4.749654e+02 1.904173e+02 1.947404e+07
-4.653141e+02 4.747221e+02 1.903198e+02 1.946406e+07
-4.653605e+02 4.731725e+02 1.896986e+02 1.940053e+07
-4.654052e+02 4.745982e+02 1.902701e+02 1.945898e+07
-4.654379e+02 4.761496e+02 1.908921e+02 1.952259e+07
-4.654606e+02 4.765209e+02 1.910410e+02 1.953782e+07
-4.654766e+02 4.769198e+02 1.912009e+02 1.955417e+07
-4.654887e+02 4.736468e+02 1.898887e+02 1.941998e+07
-4.654968e+02 4.769192e+02 1.912007e+02 1.955415e+07
-4.654987e+02 4.773640e+02 1.913790e+02 1.957238e+07
-4.654928e+02 4.766438e+02 1.910902e+02 1.954286e+07
-4.654775e+02 4.767807e+02 1.911451e+02 1.954847e+07
-4.654581e+02 4.772876e+02 1.913483e+02 1.956925e+07
-4.654340e+02 4.799568e+02 1.924184e+02 1.967869e+07
-4.654035e+02 4.787118e+02 1.919193e+02 1.962765e+07
-4.653706e+02 4.754228e+02 1.906007e+02 1.949279e+07
-4.653373e+02 4.745650e+02 1.902568e+02 1.945762e+07
-4.653061e+02 4.755209e+02 1.906401e+02 1.949682e+07
-4.652769e+02 4.766609e+02 1.910971e+02 1.954356e+07
-4.652492e+02 4.745404e+02 1.902470e+02 1.945661e+07
-4.652259e+02 4.738286e+02 1.899616e+02 1.942743e+07
-4.651981e+02 4.723916e+02 1.893855e+02 1.936851e+07
-4.651679e+02 4.741910e+02 1.901069e+02 1.944229e+07
-4.651467e+02 4.743630e+02 1.901759e+02 1.944934e+07
-4.651241e+02 4.743978e+02 1.901898e+02 1.945077e+07
-4.650975e+02 4.728083e+02 1.895526e+02 1.938560e+07
-4.650783e+02 4.715554e+02 1.890503e+02 1.933423e+07
-4.650635e+02 4.705742e+02 1.886569e+02 1.929400e+07
-4.650537e+02 4.701455e+02 1.884850e+02 1.927642e+07
-4.650497e+02 4.716693e+02 1.890959e+02 1.933890e+07
-4.650448e+02 4.680289e+02 1.876364e+02 1.918964e+07
-4.650478e+02 4.707381e+02 1.887226e+02 1.930072e+07
-4.650592e+02 4.705441e+02 1.886448e+02 1.929276e+07
-4.650721e+02 4.696872e+02 1.883013e+02 1.925763e+07
-4.650822e+02 4.701583e+02 1.884902e+02 1.927695e+07
-4.650895e+02 4.712808e+02 1.889402e+02 1.932297e+07
-4.650942e+02 4.703583e+02 1.885704e+02 1.928515e+07
-4.650939e+02 4.688367e+02 1.879603e+02 1.922276e+07
-4.650909e+02 4.675821e+02 1.874573e+02 1.917132e+07
-4.650882e+02 4.662245e+02 1.869131e+02 1.911566e+07
-4.650863e+02 4.643165e+02 1.861481e+02 1.903742e+07
-4.650850e+02 4.651307e+02 1.864746e+02 1.907081e+07
-4.650903e+02 4.654949e+02 1.866206e+02 1.908574e+07
-4.651047e+02 4.662264e+02 1.869138e+02 1.911573e+07
-4.651254e+02 4.671243e+02 1.872738e+02 1.915255e+07
-4.651495e+02 4.727380e+02 1.895244e+02 1.938271e+07
-4.651690e+02 4.716991e+02 1.891079e+02 1.934012e+07
-4.651771e+02 4.724337e+02 1.894024e+02 1.937024e+07
-4.651802e+02 4.739414e+02 1.900068e+02 1.943206e+07
-4.651828e+02 4.734853e+02 1.898240e+02 1.941335e+07
-4.651816e+02 4.742427e+02 1.901276e+02 1.944441e+07
-4.651743e+02 4.748066e+02 1.903537e+02 1.946753e+07
-4.651547e+02 4.748755e+02 1.903813e+02 1.947036e+07
-4.651229e+02 4.725525e+02 1.894500e+02 1.937511e+07
-4.650816e+02 4.736410e+02 1.898864e+02 1.941974e+07
-4.650409e+02 4.753306e+02 1.905638e+02 1.948901e+07
-4.650041e+02 4.727684e+02 1.895366e+02 1.938396e+07
-4.649710e+02 4.686525e+02 1.878865e+02 1.921520e+07
-4.649461e+02 4.667509e+02 1.871241e+02 1.913724e+07
-4.649257e+02 4.674215e+02 1.873930e+02 1.916473e+07
-4.648994e+02 4.684910e+02 1.878217e+02 1.920858e+07
-4.648676e+02 4.651363e+02 1.864768e+02 1.907104e+07
-4.648410e+02 4.683554e+02 1.877674e+02 1.920302e+07
-4.648192e+02 4.673479e+02 1.873634e+02 1.916171e+07
-4.647990e+02 4.656838e+02 1.866963e+02 1.909348e+07
-4.647834e+02 4.665620e+02 1.870484e+02 1.912949e+07
-4.647702e+02 4.664889e+02 1.870191e+02 1.912650e+07
-4.647479e+02 4.690152e+02 1.880319e+02 1.923008e+07
-4.647209e+02 4.681300e+02 1.876770e+02 1.919378e+07
-4.646888e+02 4.710363e+02 1.888421e+02 1.931294e+07
-4.646529e+02 4.742523e+02 1.901315e+02 1.944480e+07
-4.646182e+02 4.727113e+02 1.895137e+02 1.938162e+07
-4.645862e+02 4.713879e+02 1.889831e+02 1.932736e+07
-4.645669e+02 4.718861e+02 1.891829e+02 1.934779e+07
-4.645565e+02 4.687361e+02 1.879200e+02 1.921863e+07
-4.645504e+02 4.671771e+02 1.872949e+02 1.915471e+07
-4.645517e+02 4.686008e+02 1.878657e+02 1.921309e+07
-4.645592e+02 4.657463e+02 1.867214e+02 1.909605e+07
-4.645699e+02 4.657741e+02 1.867325e+02 1.909719e+07
-4.645900e+02 4.677148e+02 1.875105e+02 1.917676e+07
-4.646212e+02 4.698784e+02 1.883779e+02 1.926547e+07
-4.646572e+02 4.682319e+02 1.877179e+02 1.919796e+07
-4.646998e+02 4.655441e+02 1.866403e+02 1.908776e+07
-4.647546e+02 4.671550e+02 1.872861e+02 1.915381e+07
-4.648158e+02 4.683392e+02 1.877609e+02 1.920236e+07
-4.648788e+02 4.693473e+02 1.881650e+02 1.924369e+07
-4.649476e+02 4.681978e+02 1.877042e+02 1.919656e+07
-4.650164e+02 4.679777e+02 1.876159e+02 1.918754e+07
-4.650873e+02 4.667515e+02 1.871244e+02 1.913726e+07
-4.651693e+02 4.650434e+02 1.864396e+02 1.906723e+07
-4.652649e+02 4.649989e+02 1.864217e+02 1.906540e+07
-4.653685e+02 4.670503e+02 1.872441e+02 1.914951e+07
-4.654734e+02 4.658961e+02 1.867814e+02 1.910219e+07
-4.655875e+02 4.693458e+02 1.881644e+02 1.924363e+07
-4.657147e+02 4.677556e+02 1.875269e+02 1.917843e+07
-4.658544e+02 4.668236e+02 1.871532e+02 1.914022e+07
-4.660090e+02 4.694897e+02 1.882221e+02 1.924953e+07
-4.661669e+02 4.687246e+02 1.879154e+02 1.921816e+07
-4.663198e+02 4.691838e+02 1.880995e+02 1.923699e+07
-4.664736e+02 4.717427e+02 1.891253e+02 1.934191e+07
-4.666365e+02 4.736866e+02 1.899047e+02 1.942161e+07
-4.668096e+02 4.750347e+02 1.904451e+02 1.947688e+07
-4.669962e+02 4.784647e+02 1.918203e+02 1.961752e+07
-4.671950e+02 4.760588e+02 1.908557e+02 1.951887e+07
-4.674022e+02 4.727847e+02 1.895431e+02 1.938463e+07
-4.676252e+02 4.719611e+02 1.892129e+02 1.935086e+07
-4.678577e+02 4.743031e+02 1.901518e+02 1.944689e+07
-4.680923e+02 4.761413e+02 1.908888e+02 1.952225e+07
-4.683282e+02 4.749341e+02 1.904048e+02 1.947275e+07
-4.685647e+02 4.719513e+02 1.892090e+02 1.935046e+07
-4.688059e+02 4.704789e+02 1.886187e+02 1.929009e+07
-4.690525e+02 4.699422e+02 1.884035e+02 1.926808e+07
-4.692996e+02 4.706185e+02 1.886746e+02 1.929581e+07
-4.695529e+02 4.695580e+02 1.882495e+02 1.925233e+07
-4.698236e+02 4.712178e+02 1.889149e+02 1.932039e+07
-4.700997e+02 4.736986e+02 1.899095e+02 1.942210e+07
-4.703776e+02 4.759395e+02 1.908079e+02 1.951398e+07
-4.706569e+02 4.788462e+02 1.919732e+02 1.963315e+07
-4.709258e+02 4.767488e+02 1.911323e+02 1.954716e+07
-4.711880e+02 4.796357e+02 1.922897e+02 1.966553e+07
-4.714462e+02 4.793703e+02 1.921833e+02 1.965465e+07
-4.717088e+02 4.832058e+02 1.937210e+02 1.981191e+07
-4.719789e+02 4.842559e+02 1.941420e+02 1.985496e+07
-4.722485e+02 4.854611e+02 1.946252e+02 1.990438e+07
-4.725183e+02 4.857854e+02 1.947552e+02 1.991767e+07
-4.727889e+02 4.857291e+02 1.947326e+02 1.991536e+07
-4.730639e+02 4.871926e+02 1.953193e+02 1.997537e+07
-4.733422e+02 4.846485e+02 1.942994e+02 1.987106e+07
-4.736090e+02 4.840177e+02 1.940465e+02 1.984519e+07
-4.738602e+02 4.851821e+02 1.945133e+02 1.989293e+07
-4.741063e+02 4.847017e+02 1.943207e+02 1.987324e+07
-4.743520e+02 4.857586e+02 1.947444e+02 1.991657e+07
-4.745899e+02 4.869225e+02 1.952110e+02 1.996429e+07
-4.748216e+02 4.869304e+02 1.952142e+02 1.996461e+07
-4.750513e+02 4.892027e+02 1.961252e+02 2.005778e+07
-4.752857e+02 4.924622e+02 1.974320e+02 2.019142e+07
-4.755213e+02 4.941795e+02 1.981204e+02 2.026184e+07
-4.757461e+02 4.918168e+02 1.971732e+02 2.016496e+07
-4.759561e+02 4.948424e+02 1.983862e+02 2.028902e+07
-4.761444e+02 4.943998e+02 1.982088e+02 2.027087e+07
-4.763143e+02 4.982938e+02 1.997699e+02 2.043053e+07
-4.764692e+02 5.007611e+02 2.007591e+02 2.053169e+07
-4.766142e+02 5.016904e+02 2.011316e+02 2.056979e+07
-4.767509e+02 5.016941e+02 2.011331e+02 2.056994e+07
-4.768810e+02 5.062215e+02 2.029482e+02 2.075557e+07
-4.770096e+02 5.049655e+02 2.024446e+02 2.070407e+07
-4.771356e+02 5.007381e+02 2.007498e+02 2.053074e+07
-4.772577e+02 4.998435e+02 2.003912e+02 2.049407e+07
-4.773683e+02 5.010609e+02 2.008792e+02 2.054398e+07
-4.774600e+02 5.007734e+02 2.007640e+02 2.053219e+07
-4.775348e+02 5.020405e+02 2.012720e+02 2.058415e+07
-4.775924e+02 4.998233e+02 2.003831e+02 2.049324e+07
-4.776298e+02 5.009313e+02 2.008273e+02 2.053867e+07
-4.776535e+02 4.975645e+02 1.994775e+02 2.040062e+07
-4.776708e+02 4.976624e+02 1.995168e+02 2.040464e+07
-4.776851e+02 4.959212e+02 1.988187e+02 2.033325e+07
-4.776964e+02 4.965823e+02 1.990837e+02 2.036035e+07
-4.776913e+02 4.970479e+02 1.992704e+02 2.037944e+07
-4.776635e+02 4.981330e+02 1.997054e+02 2.042393e+07
-4.776174e+02 4.977361e+02 1.995463e+02 2.040766e+07
-4.775590e+02 4.980427e+02 1.996692e+02 2.042023e+07
-4.774979e+02 4.997519e+02 2.003545e+02 2.049031e+07
-4.774301e+02 5.012515e+02 2.009557e+02 2.055180e+07
-4.773513e+02 5.007876e+02 2.007697e+02 2.053277e+07
-4.772596e+02 4.999965e+02 2.004525e+02 2.050034e+07
-4.771483e+02 4.988714e+02 2.000015e+02 2.045421e+07
-4.770231e+02 5.009116e+02 2.008194e+02 2.053786e+07
-4.768893e+02 5.010081e+02 2.008581e+02 2.054182e+07
-4.767400e+02 5.029048e+02 2.016185e+02 2.061958e+07
-4.765754e+02 5.036516e+02 2.019179e+02 2.065020e+07
-4.763988e+02 5.075106e+02 2.034650e+02 2.080843e+07
-4.762068e+02 5.039560e+02 2.020399e+02 2.066268e+07
-4.760002e+02 5.033806e+02 2.018092e+02 2.063909e+07
-4.757849e+02 4.996579e+02 2.003168e+02 2.048646e+07
-4.755640e+02 4.971475e+02 1.993104e+02 2.038353e+07
-4.753400e+02 4.972631e+02 1.993567e+02 2.038827e+07
-4.751162e+02 4.947786e+02 1.983606e+02 2.028640e+07
-4.748820e+02 4.942853e+02 1.981628e+02 2.026617e+07
-4.746376e+02 4.953777e+02 1.986008e+02 2.031096e+07
-4.743846e+02 4.941765e+02 1.981193e+02 2.026171e+07
-4.741173e+02 4.930637e+02 1.976731e+02 2.021609e+07
-4.738417e+02 4.901325e+02 1.964980e+02 2.009590e+07
-4.735631e+02 4.898529e+02 1.963859e+02 2.008444e+07
-4.732818e+02 4.868886e+02 1.951974e+02 1.996290e+07
-4.729917e+02 4.885396e+02 1.958594e+02 2.003059e+07
-4.726976e+02 4.874959e+02 1.954409e+02 1.998780e+07
-4.724082e+02 4.884826e+02 1.958365e+02 2.002826e+07
-4.721177e+02 4.873043e+02 1.953641e+02 1.997995e+07
-4.718235e+02 4.856984e+02 1.947203e+02 1.991410e+07
-4.715233e+02 4.882760e+02 1.957537e+02 2.001979e+07
-4.712176e+02 4.883224e+02 1.957723e+02 2.002169e+07
-4.709122e+02 4.889437e+02 1.960214e+02 2.004716e+07
-4.706065e+02 4.899101e+02 1.964088e+02 2.008679e+07
-4.702947e+02 4.881133e+02 1.956885e+02 2.001312e+07
-4.699759e+02 4.896633e+02 1.963098e+02 2.007667e+07
-4.696628e+02 4.882677e+02 1.957504e+02 2.001945e+07
-4.693530e+02 4.873977e+02 1.954016e+02 1.998378e+07
-4.690421e+02 4.856730e+02 1.947101e+02 1.991306e+07
-4.687344e+02 4.871491e+02 1.953019e+02 1.997358e+07
-4.684289e+02 4.863714e+02 1.949901e+02 1.994170e+07
-4.681217e+02 4.897607e+02 1.963489e+02 2.008066e+07
-4.678075e+02 4.899303e+02 1.964169e+02 2.008761e+07
-4.674875e+02 4.919935e+02 1.972440e+02 2.017221e+07
-4.671559e+02 4.899782e+02 1.964361e+02 2.008958e+07
-4.668131e+02 4.914491e+02 1.970258e+02 2.014989e+07
-4.664671e+02 4.877438e+02 1.955403e+02 1.999797e+07
-4.661118e+02 4.866517e+02 1.951025e+02 1.995319e+07
-4.657465e+02 4.865316e+02 1.950543e+02 1.994827e+07
-4.653710e+02 4.847351e+02 1.943341e+02 1.987461e+07
-4.649850e+02 4.842364e+02 1.941342e+02 1.985416e+07
-4.645964e+02 4.823194e+02 1.933657e+02 1.977556e+07
-4.642060e+02 4.822418e+02 1.933345e+02 1.977238e+07
-4.638165e+02 4.811771e+02 1.929077e+02 1.972873e+07
-4.634247e+02 4.808704e+02 1.927847e+02 1.971615e+07
-4.630164e+02 4.825885e+02 1.934735e+02 1.978659e+07
-4.626001e+02 4.817282e+02 1.931286e+02 1.975132e+07
-4.621744e+02 4.836338e+02 1.938926e+02 1.982945e+07
-4.617280e+02 4.826775e+02 1.935092e+02 1.979024e+07
-4.612672e+02 4.826352e+02 1.934922e+02 1.978851e+07
-4.607936e+02 4.834472e+02 1.938178e+02 1.982180e+07
-4.603088e+02 4.828513e+02 1.935789e+02 1.979737e+07
-4.598073e+02 4.812553e+02 1.929390e+02 1.973193e+07
-4.592824e+02 4.797622e+02 1.923404e+02 1.967071e+07
-4.587506e+02 4.777452e+02 1.915318e+02 1.958801e+07
-4.582193e+02 4.789469e+02 1.920136e+02 1.963728e+07
-4.576723e+02 4.762863e+02 1.909469e+02 1.952820e+07
-4.571074e+02 4.738031e+02 1.899514e+02 1.942639e+07
-4.565323e+02 4.716778e+02 1.890993e+02 1.933924e+07
-4.559425e+02 4.684051e+02 1.877873e+02 1.920506e+07
-4.553499e+02 4.667149e+02 1.871096e+02 1.913576e+07
-4.547540e+02 4.671164e+02 1.872706e+02 1.915222e+07
-4.541475e+02 4.696624e+02 1.882914e+02 1.925661e+07
-4.535427e+02 4.701743e+02 1.884966e+02 1.927760e+07
-4.529373e+02 4.725439e+02 1.894466e+02 1.937476e+07
-4.523246e+02 4.729586e+02 1.896128e+02 1.939176e+07
-4.517055e+02 4.724620e+02 1.894137e+02 1.937140e+07
-4.510886e+02 4.716030e+02 1.890693e+02 1.933618e+07
-4.504745e+02 4.725879e+02 1.894642e+02 1.937656e+07
-4.498589e+02 4.740978e+02 1.900695e+02 1.943847e+07
-4.492459e+02 4.749680e+02 1.904184e+02 1.947415e+07
-4.486292e+02 4.768439e+02 1.911705e+02 1.955106e+07
-4.479965e+02 4.756291e+02 1.906834e+02 1.950125e+07
-4.473627e+02 4.764233e+02 1.910018e+02 1.953382e+07
-4.467388e+02 4.765892e+02 1.910683e+02 1.954062e+07
-4.461179e+02 4.758942e+02 1.907897e+02 1.951212e+07
-4.455076e+02 4.785297e+02 1.918463e+02 1.962018e+07
-4.449087e+02 4.775382e+02 1.914488e+02 1.957953e+07
-4.443194e+02 4.784455e+02 1.918126e+02 1.961673e+07
-4.437512e+02 4.778130e+02 1.915590e+02 1.959079e+07
-4.432031e+02 4.760771e+02 1.908631e+02 1.951962e+07
-4.426748e+02 4.749128e+02 1.903963e+02 1.947188e+07
-4.421709e+02 4.751583e+02 1.904947e+02 1.948195e+07
-4.416875e+02 4.757459e+02 1.907303e+02 1.950604e+07
-4.412154e+02 4.748273e+02 1.903620e+02 1.946838e+07
-4.407588e+02 4.714732e+02 1.890173e+02 1.933086e+07
-4.403189e+02 4.711541e+02 1.888894e+02 1.931777e+07
-4.398909e+02 4.726695e+02 1.894969e+02 1.937991e+07
-4.394769e+02 4.711326e+02 1.888808e+02 1.931689e+07
-4.390849e+02 4.705048e+02 1.886291e+02 1.929115e+07
-4.387213e+02 4.682866e+02 1.877398e+02 1.920020e+07
-4.383806e+02 4.675007e+02 1.874247e+02 1.916798e+07
-4.380599e+02 4.641272e+02 1.860722e+02 1.902966e+07
-4.377561e+02 4.640593e+02 1.860450e+02 1.902688e+07
-4.374823e+02 4.633892e+02 1.857764e+02 1.899940e+07
-4.372297e+02 4.684200e+02 1.877933e+02 1.920567e+07
-4.369959e+02 4.710015e+02 1.888282e+02 1.931151e+07
-4.367950e+02 4.726087e+02 1.894725e+02 1.937741e+07
-4.366171e+02 4.723615e+02 1.893734e+02 1.936728e+07
-4.364639e+02 4.713984e+02 1.889873e+02 1.932779e+07
-4.363298e+02 4.700868e+02 1.884615e+02 1.927401e+07
-4.362030e+02 4.714353e+02 1.890021e+02 1.932930e+07
-4.360910e+02 4.717140e+02 1.891138e+02 1.934073e+07
-4.360081e+02 4.733583e+02 1.897730e+02 1.940815e+07
-4.359546e+02 4.735870e+02 1.898647e+02 1.941752e+07
-4.359177e+02 4.722540e+02 1.893303e+02 1.936287e+07
-4.358962e+02 4.707963e+02 1.887459e+02 1.930310e+07
-4.359009e+02 4.692858e+02 1.881403e+02 1.924117e+07
-4.359363e+02 4.653761e+02 1.865729e+02 1.908087e+07
-4.359996e+02 4.680785e+02 1.876564e+02 1.919167e+07
-4.360801e+02 4.704392e+02 1.886027e+02 1.928846e+07
-4.361767e+02 4.722198e+02 1.893166e+02 1.936147e+07
-4.362927e+02 4.722261e+02 1.893191e+02 1.936172e+07
-4.364191e+02 4.753679e+02 1.905787e+02 1.949054e+07
-4.365492e+02 4.789753e+02 1.920250e+02 1.963845e+07
-4.366734e+02 4.765545e+02 1.910544e+02 1.953919e+07
-4.367976e+02 4.775645e+02 1.914593e+02 1.958060e+07
-4.369390e+02 4.741883e+02 1.901058e+02 1.944218e+07
-4.370948e+02 4.745801e+02 1.902629e+02 1.945824e+07
-4.372571e+02 4.734320e+02 1.898026e+02 1.941117e+07
-4.374253e+02 4.737636e+02 1.899356e+02 1.942477e+07
-4.376082e+02 4.701979e+02 1.885060e+02 1.927857e+07
-4.378000e+02 4.678721e+02 1.875736e+02 1.918321e+07
-4.379988e+02 4.683001e+02 1.877452e+02 1.920075e+07
-4.382061e+02 4.679891e+02 1.876205e+02 1.918800e+07
-4.384127e+02 4.701818e+02 1.884996e+02 1.927791e+07
-4.386208e+02 4.692092e+02 1.881097e+02 1.923803e+07
-4.388332e+02 4.688615e+02 1.879702e+02 1.922377e+07
-4.390423e+02 4.713092e+02 1.889516e+02 1.932413e+07
-4.392333e+02 4.703901e+02 1.885831e+02 1.928645e+07
-4.394164e+02 4.724945e+02 1.894268e+02 1.937273e+07
-4.396044e+02 4.713999e+02 1.889879e+02 1.932785e+07
-4.397914e+02 4.711166e+02 1.888744e+02 1.931624e+07
-4.399666e+02 4.747862e+02 1.903455e+02 1.946669e+07
-4.401341e+02 4.739207e+02 1.899985e+02 1.943120e+07
-4.402989e+02 4.734977e+02 1.898290e+02 1.941386e+07
-4.404623e+02 4.748852e+02 1.903852e+02 1.947075e+07
-4.406301e+02 4.770462e+02 1.912516e+02 1.955935e+07
-4.407964e+02 4.775206e+02 1.914418e+02 1.957881e+07
-4.409567e+02 4.796623e+02 1.923004e+02 1.966662e+07
-4.411179e+02 4.794637e+02 1.922208e+02 1.965847e+07
-4.412734e+02 4.792768e+02 1.921458e+02 1.965081e+07
-4.414194e+02 4.791701e+02 1.921031e+02 1.964644e+07
-4.415587e+02 4.789223e+02 1.920037e+02 1.963628e+07
-4.416992e+02 4.811218e+02 1.928855e+02 1.972646e+07
-4.418393e+02 4.805791e+02 1.926679e+02 1.970421e+07
-4.419729e+02 4.777225e+02 1.915227e+02 1.958708e+07
-4.421023e+02 4.775344e+02 1.914473e+02 1.957937e+07
-4.422252e+02 4.758313e+02 1.907645e+02 1.950954e+07
-4.423485e+02 4.747627e+02 1.903361e+02 1.946573e+07
-4.424654e+02 4.773472e+02 1.913722e+02 1.957170e+07
-4.425736e+02 4.791863e+02 1.921095e+02 1.964710e+07
-4.426822e+02 4.805720e+02 1.926651e+02 1.970391e+07
-4.427922e+02 4.831060e+02 1.936810e+02 1.980781e+07
-4.429006e+02 4.870776e+02 1.952732e+02 1.997065e+07
-4.430045e+02 4.856293e+02 1.946926e+02 1.991127e+07
-4.431019e+02 4.855354e+02 1.946550e+02 1.990742e+07
-4.431931e+02 4.835551e+02 1.938610e+02 1.982622e+07
-4.432888e+02 4.823603e+02 1.933820e+02 1.977724e+07
-4.433880e+02 4.840205e+02 1.940476e+02 1.984531e+07
-4.434874e+02 4.871168e+02 1.952889e+02 1.997226e+07
-4.435844e+02 4.880036e+02 1.956445e+02 2.000862e+07
-4.436745e+02 4.890461e+02 1.960624e+02 2.005136e+07
-4.437592e+02 4.881937e+02 1.957207e+02 2.001641e+07
-4.438314e+02 4.885424e+02 1.958605e+02 2.003071e+07
-4.439013e+02 4.864738e+02 1.950311e+02 1.994589e+07
-4.439797e+02 4.859165e+02 1.948077e+02 1.992304e+07
-4.440595e+02 4.847191e+02 1.943277e+02 1.987395e+07
-4.441311e+02 4.861415e+02 1.948980e+02 1.993227e+07
-4.441992e+02 4.847649e+02 1.943461e+02 1.987583e+07
-4.442673e+02 4.802352e+02 1.925301e+02 1.969011e+07
-4.443265e+02 4.788524e+02 1.919757e+02 1.963341e+07
-4.443813e+02 4.784478e+02 1.918135e+02 1.961682e+07
-4.444348e+02 4.795700e+02 1.922634e+02 1.966283e+07
-4.444865e+02 4.776709e+02 1.915020e+02 1.958497e+07
-4.445410e+02 4.750184e+02 1.904386e+02 1.947621e+07
-4.446036e+02 4.733480e+02 1.897689e+02 1.940773e+07
-4.446723e+02 4.734046e+02 1.897916e+02 1.941005e+07
-4.447402e+02 4.699499e+02 1.884066e+02 1.926840e+07
-4.448124e+02 4.714931e+02 1.890253e+02 1.933167e+07
-4.448879e+02 4.715889e+02 1.890637e+02 1.933560e+07
-4.449542e+02 4.692062e+02 1.881084e+02 1.923791e+07
-4.450147e+02 4.700593e+02 1.884505e+02 1.927288e+07
-4.450687e+02 4.680905e+02 1.876611e+02 1.919216e+07
-4.451152e+02 4.662526e+02 1.869243e+02 1.911681e+07
-4.451524e+02 4.662306e+02 1.869155e+02 1.911591e+07
-4.451797e+02 4.648640e+02 1.863676e+02 1.905987e+07
-4.452107e+02 4.664527e+02 1.870045e+02 1.912501e+07
-4.452448e+02 4.695635e+02 1.882517e+02 1.925256e+07
-4.452737e+02 4.695769e+02 1.882571e+02 1.925311e+07
-4.453013e+02 4.712357e+02 1.889221e+02 1.932112e+07
-4.453242e+02 4.718315e+02 1.891610e+02 1.934555e+07
-4.453441e+02 4.700024e+02 1.884276e+02 1.927055e+07
-4.453697e+02 4.696737e+02 1.882959e+02 1.925708e+07
-4.453956e+02 4.709373e+02 1.888024e+02 1.930888e+07
-4.454175e+02 4.685362e+02 1.878398e+02 1.921043e+07
-4.454452e+02 4.672487e+02 1.873237e+02 1.915765e+07
-4.454782e+02 4.671755e+02 1.872943e+02 1.915465e+07
-4.455113e+02 4.662559e+02 1.869256e+02 1.911694e+07
-4.455405e+02 4.688698e+02 1.879736e+02 1.922412e+07
-4.455660e+02 4.689692e+02 1.880134e+02 1.922819e+07
-4.455911e+02 4.717472e+02 1.891272e+02 1.934209e+07
-4.455996e+02 4.738476e+02 1.899692e+02 1.942821e+07
-4.455910e+02 4.728716e+02 1.895779e+02 1.938819e+07
-4.455743e+02 4.671235e+02 1.872735e+02 1.915251e+07
-4.455479e+02 4.687545e+02 1.879274e+02 1.921939e+07
-4.455182e+02 4.665731e+02 1.870528e+02 1.912995e+07
-4.454863e+02 4.689448e+02 1.880036e+02 1.922719e+07
-4.454527e+02 4.708763e+02 1.887780e+02 1.930638e+07
-4.454227e+02 4.732506e+02 1.897299e+02 1.940373e+07
-4.453897e+02 4.749313e+02 1.904037e+02 1.947264e+07
-4.453494e+02 4.718838e+02 1.891819e+02 1.934769e+07
-4.453091e+02 4.686169e+02 1.878722e+02 1.921375e+07
-4.452683e+02 4.666908e+02 1.871000e+02 1.913477e+07
-4.452206e+02 4.667460e+02 1.871221e+02 1.913704e+07
-4.451580e+02 4.646891e+02 1.862975e+02 1.905270e+07
-4.450736e+02 4.623779e+02 1.853709e+02 1.895794e+07
-4.449766e+02 4.630641e+02 1.856460e+02 1.898607e+07
-4.448704e+02 4.625115e+02 1.854245e+02 1.896342e+07
-4.447594e+02 4.624804e+02 1.854120e+02 1.896214e+07
-4.446461e+02 4.620607e+02 1.852438e+02 1.894494e+07
-4.445314e+02 4.615473e+02 1.850380e+02 1.892389e+07
-4.444178e+02 4.637888e+02 1.859366e+02 1.901579e+07
-4.443075e+02 4.614331e+02 1.849922e+02 1.891920e+07
-4.442011e+02 4.614443e+02 1.849966e+02 1.891966e+07
-4.440939e+02 4.637609e+02 1.859254e+02 1.901464e+07
-4.439862e+02 4.635308e+02 1.858331e+02 1.900521e+07
-4.438723e+02 4.643249e+02 1.861515e+02 1.903777e+07
-4.437491e+02 4.639951e+02 1.860193e+02 1.902425e+07
-4.436320e+02 4.643360e+02 1.861559e+02 1.903822e+07
-4.435269e+02 4.685099e+02 1.878293e+02 1.920936e+07
-4.434233e+02 4.665462e+02 1.870420e+02 1.912884e+07
-4.433224e+02 4.663493e+02 1.869631e+02 1.912077e+07
-4.432209e+02 4.663901e+02 1.869794e+02 1.912244e+07
-4.431128e+02 4.665930e+02 1.870608e+02 1.913076e+07
-4.430038e+02 4.667972e+02 1.871427e+02 1.913914e+07
-4.428971e+02 4.696805e+02 1.882986e+02 1.925735e+07
-4.427869e+02 4.706227e+02 1.886763e+02 1.929598e+07
-4.426711e+02 4.702449e+02 1.885249e+02 1.928049e+07
-4.425629e+02 4.695866e+02 1.882609e+02 1.925350e+07
-4.424674e+02 4.679624e+02 1.876098e+02 1.918691e+07
-4.423846e+02 4.660398e+02 1.868390e+02 1.910808e+07
-4.423082e+02 4.683143e+02 1.877509e+02 1.920134e+07
-4.422348e+02 4.708958e+02 1.887858e+02 1.930718e+07
-4.421669e+02 4.714427e+02 1.890051e+02 1.932961e+07
-4.421056e+02 4.689551e+02 1.880078e+02 1.922761e+07
-4.420503e+02 4.703475e+02 1.885660e+02 1.928470e+07
-4.419945e+02 4.733554e+02 1.897719e+02 1.940803e+07
-4.419382e+02 4.755899e+02 1.906677e+02 1.949964e+07
-4.418866e+02 4.746016e+02 1.902715e+02 1.945912e+07
-4.418442e+02 4.766366e+02 1.910873e+02 1.954256e+07
-4.418062e+02 4.783662e+02 1.917808e+02 1.961348e+07
-4.417598e+02 4.779580e+02 1.916171e+02 1.959674e+07
-4.417087e+02 4.795439e+02 1.922529e+02 1.966176e+07
-4.416649e+02 4.772312e+02 1.913258e+02 1.956694e+07
-4.416288e+02 4.767188e+02 1.911203e+02 1.954593e+07
-4.416011e+02 4.775781e+02 1.914648e+02 1.958116e+07
-4.415798e+02 4.772208e+02 1.913216e+02 1.956651e+07
-4.415634e+02 4.786989e+02 1.919141e+02 1.962712e+07
-4.415594e+02 4.793159e+02 1.921615e+02 1.965241e+07
-4.415702e+02 4.798958e+02 1.923940e+02 1.967619e+07
-4.415834e+02 4.804845e+02 1.926300e+02 1.970033e+07
-4.415995e+02 4.803140e+02 1.925617e+02 1.969334e+07
-4.416331e+02 4.806552e+02 1.926984e+02 1.970733e+07
-4.416849e+02 4.816033e+02 1.930786e+02 1.974620e+07
-4.417438e+02 4.854753e+02 1.946309e+02 1.990496e+07
-4.418020e+02 4.855464e+02 1.946594e+02 1.990787e+07
-4.418739e+02 4.834854e+02 1.938331e+02 1.982337e+07
-4.419614e+02 4.850836e+02 1.944738e+02 1.988890e+07
-4.420456e+02 4.876128e+02 1.954878e+02 1.999260e+07
-4.421215e+02 4.909279e+02 1.968169e+02 2.012852e+07
-4.422038e+02 4.927892e+02 1.975631e+02 2.020483e+07
-4.422998e+02 4.913039e+02 1.969676e+02 2.014394e+07
-4.424008e+02 4.931014e+02 1.976882e+02 2.021763e+07
-4.425105e+02 4.927946e+02 1.975652e+02 2.020505e+07
-4.426370e+02 4.919183e+02 1.972139e+02 2.016912e+07
-4.427831e+02 4.929431e+02 1.976248e+02 2.021114e+07
-4.429377e+02 4.951814e+02 1.985221e+02 2.030292e+07
-4.430920e+02 4.987092e+02 1.999364e+02 2.044756e+07
-4.432542e+02 4.974169e+02 1.994184e+02 2.039457e+07
-4.434224e+02 4.999989e+02 2.004535e+02 2.050044e+07
-4.435924e+02 4.983422e+02 1.997893e+02 2.043251e+07
-4.437700e+02 4.976653e+02 1.995179e+02 2.040476e+07
-4.439531e+02 4.987342e+02 1.999465e+02 2.044858e+07
-4.441399e+02 4.990373e+02 2.000680e+02 2.046101e+07
-4.443356e+02 4.997553e+02 2.003558e+02 2.049045e+07
-4.445446e+02 5.012667e+02 2.009618e+02 2.055242e+07
-4.447646e+02 5.018652e+02 2.012017e+02 2.057696e+07
-4.449912e+02 5.013103e+02 2.009792e+02 2.055421e+07
-4.452159e+02 5.007800e+02 2.007666e+02 2.053246e+07
-4.454335e+02 4.993951e+02 2.002114e+02 2.047568e+07
-4.456513e+02 4.986467e+02 1.999114e+02 2.044500e+07
-4.458715e+02 5.009059e+02 2.008171e+02 2.053762e+07
-4.460897e+02 5.003608e+02 2.005986e+02 2.051528e+07
-4.463104e+02 5.007558e+02 2.007570e+02 2.053147e+07
-4.465355e+02 5.032849e+02 2.017708e+02 2.063516e+07
-4.467674e+02 5.056396e+02 2.027149e+02 2.073171e+07
-4.470068e+02 5.057546e+02 2.027610e+02 2.073643e+07
-4.472468e+02 5.055334e+02 2.026723e+02 2.072736e+07
-4.474819e+02 5.063617e+02 2.030044e+02 2.076132e+07
-4.477068e+02 5.074387e+02 2.034361e+02 2.080547e+07
-4.479238e+02 5.085954e+02 2.038999e+02 2.085290e+07
-4.481358e+02 5.084822e+02 2.038545e+02 2.084826e+07
-4.483482e+02 5.076016e+02 2.035015e+02 2.081215e+07
-4.485633e+02 5.073321e+02 2.033934e+02 2.080110e+07
-4.487787e+02 5.098386e+02 2.043983e+02 2.090387e+07
-4.489879e+02 5.114838e+02 2.050579e+02 2.097133e+07
-4.491912e+02 5.095303e+02 2.042747e+02 2.089123e+07
-4.493909e+02 5.100636e+02 2.044885e+02 2.091310e+07
-4.495936e+02 5.078673e+02 2.036080e+02 2.082305e+07
-4.498040e+02 5.070109e+02 2.032647e+02 2.078794e+07
-4.500141e+02 5.063612e+02 2.030042e+02 2.076130e+07
-4.502172e+02 5.095783e+02 2.042939e+02 2.089320e+07
-4.504079e+02 5.084832e+02 2.038549e+02 2.084830e+07
-4.505903e+02 5.079805e+02 2.036534e+02 2.082769e+07
-4.507711e+02 5.041560e+02 2.021201e+02 2.067088e+07
-4.509507e+02 5.030781e+02 2.016880e+02 2.062669e+07
-4.511202e+02 5.005712e+02 2.006829e+02 2.052390e+07
-4.512829e+02 4.986323e+02 1.999056e+02 2.044441e+07
-4.514458e+02 4.994956e+02 2.002517e+02 2.047980e+07
-4.516067e+02 5.028988e+02 2.016161e+02 2.061934e+07
-4.517679e+02 5.027197e+02 2.015443e+02 2.061199e+07
-4.519292e+02 5.049784e+02 2.024498e+02 2.070460e+07
-4.520884e+02 5.036347e+02 2.019111e+02 2.064951e+07
-4.522446e+02 5.042414e+02 2.021544e+02 2.067439e+07
-4.523924e+02 5.029354e+02 2.016307e+02 2.062084e+07
-4.525303e+02 5.006495e+02 2.007143e+02 2.052711e+07
-4.526600e+02 5.013409e+02 2.009915e+02 2.055546e+07
-4.527859e+02 4.998332e+02 2.003870e+02 2.049364e+07
-4.529163e+02 5.013078e+02 2.009782e+02 2.055410e+07
-4.530455e+02 5.007671e+02 2.007615e+02 2.053194e+07
-4.531706e+02 4.981773e+02 1.997232e+02 2.042575e+07
-4.532942e+02 4.976274e+02 1.995027e+02 2.040320e+07
-4.534080e+02 4.990461e+02 2.000715e+02 2.046137e+07
-4.535095e+02 4.956240e+02 1.986996e+02 2.032106e+07
-4.536047e+02 4.961877e+02 1.989255e+02 2.034417e+07
-4.536928e+02 4.950610e+02 1.984738e+02 2.029798e+07
-4.537758e+02 4.950680e+02 1.984766e+02 2.029826e+07
-4.538575e+02 4.938688e+02 1.979959e+02 2.024910e+07
-4.539340e+02 4.900588e+02 1.964684e+02 2.009288e+07
-4.540065e+02 4.881000e+02 1.956831e+02 2.001257e+07
-4.540707e+02 4.882105e+02 1.957274e+02 2.001710e+07
-4.541260e+02 4.863318e+02 1.949742e+02 1.994007e+07
-4.541803e+02 4.845009e+02 1.942402e+02 1.986500e+07
-4.542304e+02 4.826360e+02 1.934926e+02 1.978854e+07
-4.542802e+02 4.791869e+02 1.921098e+02 1.964713e+07
-4.543324e+02 4.767019e+02 1.911135e+02 1.954524e+07
-4.543820e+02 4.763536e+02 1.909739e+02 1.953096e+07
-4.544278e+02 4.758048e+02 1.907539e+02 1.950846e+07
-4.544719e+02 4.766031e+02 1.910739e+02 1.954119e+07
-4.545148e+02 4.772270e+02 1.913241e+02 1.956677e+07
-4.545524e+02 4.798129e+02 1.923608e+02 1.967279e+07
-4.545934e+02 4.830893e+02 1.936743e+02 1.980713e+07
-4.546384e+02 4.832253e+02 1.937288e+02 1.981270e+07
-4.546748e+02 4.815826e+02 1.930703e+02 1.974535e+07
-4.546958e+02 4.841195e+02 1.940873e+02 1.984937e+07
-4.547006e+02 4.823328e+02 1.933710e+02 1.977611e+07
-4.546962e+02 4.836232e+02 1.938883e+02 1.982902e+07
-4.546920e+02 4.835427e+02 1.938561e+02 1.982572e+07
-4.546901e+02 4.836611e+02 1.939035e+02 1.983057e+07
-4.546863e+02 4.824908e+02 1.934343e+02 1.978259e+07
-4.546772e+02 4.819542e+02 1.932192e+02 1.976059e+07
-4.546589e+02 4.812055e+02 1.929190e+02 1.972989e+07
-4.546321e+02 4.803794e+02 1.925879e+02 1.969602e+07
-4.545996e+02 4.810452e+02 1.928548e+02 1.972332e+07
-4.545552e+02 4.810652e+02 1.928628e+02 1.972414e+07
-4.544968e+02 4.786513e+02 1.918951e+02 1.962517e+07
-4.544342e+02 4.781900e+02 1.917101e+02 1.960625e+07
-4.543729e+02 4.778192e+02 1.915614e+02 1.959105e+07
-4.543082e+02 4.759436e+02 1.908095e+02 1.951415e+07
-4.542348e+02 4.756286e+02 1.906832e+02 1.950123e+07
-4.541575e+02 4.770143e+02 1.912388e+02 1.955804e+07
-4.540760e+02 4.780111e+02 1.916384e+02 1.959891e+07
-4.539916e+02 4.772308e+02 1.913256e+02 1.956692e+07
-4.539090e+02 4.776951e+02 1.915117e+02 1.958596e+07
-4.538233e+02 4.748423e+02 1.903680e+02 1.946899e+07
-4.537278e+02 4.770489e+02 1.912526e+02 1.955947e+07
-4.536281e+02 4.787427e+02 1.919317e+02 1.962891e+07
-4.535297e+02 4.775364e+02 1.914481e+02 1.957945e+07
-4.534217e+02 4.783350e+02 1.917683e+02 1.961220e+07
-4.533077e+02 4.758785e+02 1.907834e+02 1.951148e+07
-4.531929e+02 4.770511e+02 1.912535e+02 1.955955e+07
-4.530708e+02 4.733148e+02 1.897556e+02 1.940636e+07
-4.529405e+02 4.751607e+02 1.904957e+02 1.948205e+07
-4.528041e+02 4.767295e+02 1.911246e+02 1.954637e+07
-4.526667e+02 4.779834e+02 1.916273e+02 1.959778e+07
-4.525330e+02 4.790275e+02 1.920459e+02 1.964059e+07
-4.524108e+02 4.813928e+02 1.929941e+02 1.973757e+07
-4.523018e+02 4.826692e+02 1.935059e+02 1.978990e+07
-4.521979e+02 4.870512e+02 1.952626e+02 1.996957e+07
-4.520935e+02 4.882194e+02 1.957310e+02 2.001747e+07
-4.519874e+02 4.909069e+02 1.968084e+02 2.012766e+07
-4.518777e+02 4.903422e+02 1.965820e+02 2.010450e+07
-4.517673e+02 4.914454e+02 1.970243e+02 2.014974e+07
-4.516638e+02 4.902285e+02 1.965364e+02 2.009984e+07
-4.515661e+02 4.892230e+02 1.961334e+02 2.005862e+07
-4.514715e+02 4.922959e+02 1.973653e+02 2.018461e+07
-4.513831e+02 4.956243e+02 1.986997e+02 2.032107e+07
-4.513079e+02 4.960551e+02 1.988724e+02 2.033874e+07
-4.512470e+02 4.965464e+02 1.990694e+02 2.035888e+07
-4.511890e+02 4.943513e+02 1.981893e+02 2.026888e+07
-4.511355e+02 4.943710e+02 1.981972e+02 2.026969e+07
-4.510974e+02 4.918014e+02 1.971670e+02 2.016433e+07
-4.510691e+02 4.891227e+02 1.960931e+02 2.005450e+07
-4.510446e+02 4.923051e+02 1.973690e+02 2.018498e+07
-4.510274e+02 4.909668e+02 1.968324e+02 2.013011e+07
-4.510154e+02 4.906583e+02 1.967088e+02 2.011747e+07
-4.510048e+02 4.913103e+02 1.969701e+02 2.014420e+07
-4.509966e+02 4.929008e+02 1.976078e+02 2.020941e+07
-4.509928e+02 4.952170e+02 1.985364e+02 2.030437e+07
-4.509970e+02 4.944141e+02 1.982145e+02 2.027146e+07
-4.510059e+02 4.898384e+02 1.963801e+02 2.008385e+07
-4.510166e+02 4.915994e+02 1.970861e+02 2.015605e+07
-4.510277e+02 4.898046e+02 1.963665e+02 2.008246e+07
-4.510405e+02 4.900602e+02 1.964690e+02 2.009294e+07
-4.510574e+02 4.894802e+02 1.962364e+02 2.006916e+07
-4.510781e+02 4.924654e+02 1.974332e+02 2.019155e+07
-4.511012e+02 4.926600e+02 1.975113e+02 2.019953e+07
-4.511284e+02 4.917361e+02 1.971409e+02 2.016165e+07
-4.511577e+02 4.916400e+02 1.971023e+02 2.015771e+07
-4.511859e+02 4.935810e+02 1.978805e+02 2.023730e+07
-4.512207e+02 4.975298e+02 1.994636e+02 2.039920e+07
-4.512584e+02 4.967013e+02 1.991315e+02 2.036523e+07
-4.512922e+02 4.980906e+02 1.996884e+02 2.042220e+07
-4.513306e+02 4.964744e+02 1.990405e+02 2.035593e+07
-4.513733e+02 4.966220e+02 1.990997e+02 2.036198e+07
-4.514188e+02 4.969234e+02 1.992205e+02 2.037434e+07
-4.514715e+02 4.979773e+02 1.996430e+02 2.041755e+07
-4.515333e+02 4.977093e+02 1.995355e+02 2.040656e+07
-4.515963e+02 4.963307e+02 1.989829e+02 2.035004e+07
-4.516625e+02 4.953408e+02 1.985860e+02 2.030945e+07
-4.517343e+02 4.959696e+02 1.988381e+02 2.033523e+07
-4.518029e+02 4.942559e+02 1.981511e+02 2.026497e+07
-4.518684e+02 4.951923e+02 1.985265e+02 2.030336e+07
-4.519391e+02 4.952360e+02 1.985440e+02 2.030515e+07
-4.520138e+02 4.934923e+02 1.978450e+02 2.023366e+07
-4.520941e+02 4.904574e+02 1.966282e+02 2.010923e+07
-4.521857e+02 4.896482e+02 1.963038e+02 2.007605e+07
-4.522841e+02 4.876791e+02 1.955144e+02 1.999531e+07
-4.523849e+02 4.874371e+02 1.954173e+02 1.998539e+07
-4.524893e+02 4.877743e+02 1.955525e+02 1.999922e+07
-4.526007e+02 4.875072e+02 1.954455e+02 1.998827e+07
-4.527107e+02 4.870198e+02 1.952500e+02 1.996828e+07
-4.528155e+02 4.878657e+02 1.955892e+02 2.000297e+07
-4.529172e+02 4.865234e+02 1.950511e+02 1.994793e+07
-4.530161e+02 4.866331e+02 1.950950e+02 1.995242e+07
-4.531178e+02 4.878335e+02 1.955763e+02 2.000164e+07
-4.532237e+02 4.859448e+02 1.948191e+02 1.992421e+07
-4.533258e+02 4.898122e+02 1.963696e+02 2.008277e+07
-4.534244e+02 4.918499e+02 1.971865e+02 2.016632e+07
-4.535219e+02 4.907325e+02 1.967385e+02 2.012051e+07
-4.536173e+02 4.948421e+02 1.983861e+02 2.028900e+07
-4.537187e+02 4.947159e+02 1.983355e+02 2.028383e+07
-4.538235e+02 4.938434e+02 1.979857e+02 2.024805e+07
-4.539253e+02 4.934647e+02 1.978339e+02 2.023253e+07
-4.540281e+02 4.961038e+02 1.988919e+02 2.034074e+07
-4.541337e+02 4.941458e+02 1.981069e+02 2.026046e+07
-4.542395e+02 4.962420e+02 1.989473e+02 2.034640e+07
-4.543387e+02 4.950047e+02 1.984513e+02 2.029567e+07
-4.544339e+02 4.959191e+02 1.988179e+02 2.033316e+07
-4.545305e+02 4.996412e+02 2.003101e+02 2.048577e+07
-4.546305e+02 5.001064e+02 2.004966e+02 2.050484e+07
-4.547337e+02 5.019903e+02 2.012519e+02 2.058209e+07
-4.548331e+02 5.016466e+02 2.011141e+02 2.056800e+07
-4.549296e+02 5.020217e+02 2.012644e+02 2.058337e+07
-4.550219e+02 5.014820e+02 2.010481e+02 2.056125e+07
-4.551072e+02 5.004626e+02 2.006394e+02 2.051945e+07
-4.551883e+02 5.035781e+02 2.018884e+02 2.064719e+07
-4.552666e+02 5.032588e+02 2.017604e+02 2.063410e+07
-4.553487e+02 5.065542e+02 2.030816e+02 2.076921e+07
-4.554356e+02 5.077031e+02 2.035422e+02 2.081632e+07
-4.555223e+02 5.099881e+02 2.044583e+02 2.091001e+07
-4.556040e+02 5.109577e+02 2.048470e+02 2.094976e+07
-4.556876e+02 5.128826e+02 2.056187e+02 2.102868e+07
-4.557780e+02 5.119640e+02 2.052504e+02 2.099102e+07
-4.558676e+02 5.144651e+02 2.062531e+02 2.109357e+07
-4.559585e+02 5.124808e+02 2.054576e+02 2.101221e+07
-4.560528e+02 5.125245e+02 2.054751e+02 2.101400e+07
-4.561497e+02 5.148292e+02 2.063991e+02 2.110849e+07
-4.562478e+02 5.155302e+02 2.066801e+02 2.113723e+07
-4.563416e+02 5.175414e+02 2.074864e+02 2.121970e+07
-4.564326e+02 5.150239e+02 2.064771e+02 2.111648e+07
-4.565251e+02 5.144226e+02 2.062360e+02 2.109182e+07
-4.566167e+02 5.150663e+02 2.064941e+02 2.111821e+07
-4.567034e+02 5.155864e+02 2.067026e+02 2.113954e+07
-4.567859e+02 5.138844e+02 2.060203e+02 2.106976e+07
-4.568695e+02 5.149930e+02 2.064647e+02 2.111521e+07
-4.569538e+02 5.136668e+02 2.059331e+02 2.106084e+07
-4.570312e+02 5.128534e+02 2.056069e+02 2.102748e+07
-4.571020e+02 5.139895e+02 2.060624e+02 2.107406e+07
-4.571716e+02 5.123606e+02 2.054094e+02 2.100728e+07
-4.572451e+02 5.125774e+02 2.054963e+02 2.101617e+07
-4.573194e+02 5.136332e+02 2.059196e+02 2.105946e+07
-4.573919e+02 5.143333e+02 2.062003e+02 2.108816e+07
-4.574681e+02 5.123214e+02 2.053937e+02 2.100567e+07
-4.575460e+02 5.102174e+02 2.045502e+02 2.091941e+07
-4.576247e+02 5.084348e+02 2.038355e+02 2.084632e+07
-4.577004e+02 5.123245e+02 2.053949e+02 2.100580e+07
-4.577668e+02 5.105621e+02 2.046883e+02 2.093354e+07
-4.578258e+02 5.111258e+02 2.049143e+02 2.095665e+07
-4.578809e+02 5.090366e+02 2.040768e+02 2.087099e+07
-4.579367e+02 5.073200e+02 2.033886e+02 2.080061e+07
-4.579931e+02 5.112638e+02 2.049697e+02 2.096231e+07
-4.580491e+02 5.085886e+02 2.038972e+02 2.085262e+07
-4.580991e+02 5.098074e+02 2.043858e+02 2.090260e+07
-4.581411e+02 5.136581e+02 2.059296e+02 2.106048e+07
-4.581833e+02 5.108488e+02 2.048033e+02 2.094529e+07
-4.582248e+02 5.089197e+02 2.040299e+02 2.086620e+07
-4.582638e+02 5.088709e+02 2.040103e+02 2.086420e+07
-4.583006e+02 5.067752e+02 2.031702e+02 2.077827e+07
-4.583311e+02 5.075397e+02 2.034766e+02 2.080962e+07
-4.583538e+02 5.086395e+02 2.039176e+02 2.085471e+07
-4.583679e+02 5.083165e+02 2.037881e+02 2.084147e+07
-4.583752e+02 5.078266e+02 2.035917e+02 2.082138e+07
-4.583811e+02 5.076037e+02 2.035023e+02 2.081224e+07
-4.583796e+02 5.102405e+02 2.045594e+02 2.092035e+07
-4.583667e+02 5.120360e+02 2.052792e+02 2.099397e+07
-4.583499e+02 5.119642e+02 2.052505e+02 2.099103e+07
-4.583353e+02 5.102115e+02 2.045478e+02 2.091916e+07
-4.583149e+02 5.104528e+02 2.046445e+02 2.092906e+07
-4.582822e+02 5.098370e+02 2.043976e+02 2.090381e+07
-4.582417e+02 5.093000e+02 2.041824e+02 2.088179e+07
-4.581960e+02 5.072948e+02 2.033785e+02 2.079958e+07
-4.581432e+02 5.102358e+02 2.045576e+02 2.092016e+07
-4.580827e+02 5.101228e+02 2.045122e+02 2.091553e+07
-4.580166e+02 5.083515e+02 2.038021e+02 2.084290e+07
-4.579454e+02 5.070791e+02 2.032920e+02 2.079073e+07
-4.578685e+02 5.042913e+02 2.021744e+02 2.067643e+07
-4.577870e+02 5.065000e+02 2.030598e+02 2.076699e+07
-4.576992e+02 5.048005e+02 2.023785e+02 2.069731e+07
-4.576049e+02 5.044597e+02 2.022419e+02 2.068334e+07
-4.575073e+02 5.044331e+02 2.022312e+02 2.068224e+07
-4.574049e+02 5.047260e+02 2.023486e+02 2.069425e+07
-4.572934e+02 5.036009e+02 2.018975e+02 2.064812e+07
-4.571728e+02 5.059001e+02 2.028193e+02 2.074239e+07
-4.570461e+02 5.069841e+02 2.032539e+02 2.078684e+07
-4.569223e+02 5.078204e+02 2.035892e+02 2.082113e+07
-4.568040e+02 5.072226e+02 2.033495e+02 2.079662e+07
-4.566905e+02 5.062549e+02 2.029616e+02 2.075694e+07
-4.565800e+02 5.048885e+02 2.024137e+02 2.070091e+07
-4.564622e+02 5.067526e+02 2.031611e+02 2.077735e+07
-4.563385e+02 5.079397e+02 2.036370e+02 2.082602e+07
-4.562131e+02 5.079178e+02 2.036282e+02 2.082512e+07
-4.560804e+02 5.096214e+02 2.043112e+02 2.089497e+07
-4.559382e+02 5.115990e+02 2.051040e+02 2.097605e+07
-4.557914e+02 5.126856e+02 2.055397e+02 2.102060e+07
-4.556403e+02 5.156157e+02 2.067144e+02 2.114074e+07
-4.554785e+02 5.139140e+02 2.060321e+02 2.107097e+07
-4.553094e+02 5.146800e+02 2.063393e+02 2.110238e+07
-4.551371e+02 5.159988e+02 2.068680e+02 2.115645e+07
-4.549596e+02 5.160053e+02 2.068706e+02 2.115671e+07
-4.547741e+02 5.170593e+02 2.072931e+02 2.119993e+07
-4.545797e+02 5.172061e+02 2.073520e+02 2.120595e+07
-4.543849e+02 5.132784e+02 2.057774e+02 2.104491e+07
-4.541917e+02 5.148893e+02 2.064232e+02 2.111096e+07
-4.539990e+02 5.154930e+02 2.066652e+02 2.113571e+07
-4.538053e+02 5.156144e+02 2.067138e+02 2.114069e+07
-4.536098e+02 5.148681e+02 2.064146e+02 2.111009e+07
-4.534196e+02 5.153750e+02 2.066179e+02 2.113087e+07
-4.532327e+02 5.183897e+02 2.078265e+02 2.125448e+07
-4.530452e+02 5.201286e+02 2.085236e+02 2.132577e+07
-4.528506e+02 5.221147e+02 2.093199e+02 2.140721e+07
-4.526530e+02 5.199573e+02 2.084549e+02 2.131875e+07
-4.524601e+02 5.190129e+02 2.080763e+02 2.128003e+07
-4.522710e+02 5.196240e+02 2.083214e+02 2.130509e+07
-4.520775e+02 5.183826e+02 2.078237e+02 2.125419e+07
-4.518795e+02 5.181204e+02 2.077185e+02 2.124344e+07
-4.516862e+02 5.178134e+02 2.075954e+02 2.123085e+07
-4.514997e+02 5.166438e+02 2.071265e+02 2.118289e+07
-4.513140e+02 5.186159e+02 2.079172e+02 2.126375e+07
-4.511274e+02 5.187781e+02 2.079822e+02 2.127040e+07
-4.509347e+02 5.191752e+02 2.081414e+02 2.128668e+07
-4.507404e+02 5.157625e+02 2.067732e+02 2.114676e+07
-4.505534e+02 5.167094e+02 2.071528e+02 2.118558e+07
-4.503655e+02 5.163566e+02 2.070114e+02 2.117112e+07
-4.501835e+02 5.138335e+02 2.059999e+02 2.106767e+07
-4.500097e+02 5.139963e+02 2.060651e+02 2.107434e+07
-4.498378e+02 5.137202e+02 2.059545e+02 2.106302e+07
-4.496672e+02 5.100492e+02 2.044827e+02 2.091251e+07
-4.494939e+02 5.114129e+02 2.050294e+02 2.096842e+07
-4.493236e+02 5.121386e+02 2.053204e+02 2.099818e+07
-4.491614e+02 5.106053e+02 2.047057e+02 2.093531e+07
-4.490023e+02 5.065279e+02 2.030710e+02 2.076813e+07
-4.488536e+02 5.059396e+02 2.028352e+02 2.074401e+07
-4.487191e+02 5.047021e+02 2.023390e+02 2.069327e+07
-4.485909e+02 5.014372e+02 2.010301e+02 2.055941e+07
-4.484694e+02 4.993678e+02 2.002005e+02 2.047456e+07
-4.483518e+02 5.001741e+02 2.005237e+02 2.050762e+07
-4.482311e+02 5.021140e+02 2.013015e+02 2.058716e+07
-4.481101e+02 5.018758e+02 2.012059e+02 2.057739e+07
-4.479845e+02 5.045454e+02 2.022762e+02 2.068685e+07
-4.478559e+02 5.039224e+02 2.020265e+02 2.066131e+07
-4.477328e+02 5.015985e+02 2.010948e+02 2.056602e+07
-4.476230e+02 4.997117e+02 2.003384e+02 2.048866e+07
-4.475282e+02 4.947491e+02 1.983488e+02 2.028519e+07
-4.474403e+02 4.941373e+02 1.981035e+02 2.026011e+07
-4.473570e+02 4.957467e+02 1.987487e+02 2.032609e+07
-4.472844e+02 4.957462e+02 1.987485e+02 2.032607e+07
-4.472193e+02 4.971072e+02 1.992942e+02 2.038187e+07
-4.471581e+02 4.965100e+02 1.990548e+02 2.035739e+07
-4.471073e+02 4.942034e+02 1.981300e+02 2.026282e+07
-4.470714e+02 4.937817e+02 1.979610e+02 2.024553e+07
-4.470474e+02 4.951056e+02 1.984917e+02 2.029981e+07
-4.470272e+02 4.950911e+02 1.984859e+02 2.029921e+07
-4.470057e+02 4.950645e+02 1.984752e+02 2.029812e+07
-4.469803e+02 4.977047e+02 1.995337e+02 2.040637e+07
-4.469546e+02 4.987830e+02 1.999660e+02 2.045058e+07
-4.469271e+02 4.991889e+02 2.001287e+02 2.046723e+07
-4.468952e+02 5.010694e+02 2.008827e+02 2.054433e+07
-4.468700e+02 4.997081e+02 2.003369e+02 2.048852e+07
-4.468473e+02 4.969501e+02 1.992312e+02 2.037543e+07
-4.468199e+02 4.937875e+02 1.979633e+02 2.024577e+07
-4.467930e+02 4.938192e+02 1.979760e+02 2.024706e+07
-4.467681e+02 4.953522e+02 1.985906e+02 2.030992e+07
-4.467453e+02 4.966575e+02 1.991139e+02 2.036344e+07
-4.467233e+02 4.958033e+02 1.987714e+02 2.032841e+07
-4.466969e+02 4.960421e+02 1.988672e+02 2.033821e+07
-4.466675e+02 4.959185e+02 1.988176e+02 2.033314e+07
-4.466385e+02 4.965150e+02 1.990567e+02 2.035759e+07
-4.466097e+02 4.975818e+02 1.994844e+02 2.040133e+07
-4.465779e+02 4.978293e+02 1.995837e+02 2.041148e+07
-4.465409e+02 4.975719e+02 1.994805e+02 2.040093e+07
-4.465076e+02 4.962554e+02 1.989527e+02 2.034695e+07
-4.464823e+02 4.948657e+02 1.983956e+02 2.028997e+07
-4.464640e+02 4.930888e+02 1.976832e+02 2.021712e+07
-4.464592e+02 4.942969e+02 1.981675e+02 2.026665e+07
-4.464650e+02 4.934619e+02 1.978327e+02 2.023241e+07
-4.464708e+02 4.942561e+02 1.981512e+02 2.026498e+07
-4.464791e+02 4.957518e+02 1.987508e+02 2.032630e+07
-4.464949e+02 4.948204e+02 1.983774e+02 2.028811e+07
-4.465165e+02 4.972222e+02 1.993403e+02 2.038659e+07
-4.465378e+02 4.969172e+02 1.992180e+02 2.037409e+07
-4.465629e+02 4.980316e+02 1.996648e+02 2.041978e+07
-4.465911e+02 4.961617e+02 1.989151e+02 2.034311e+07
-4.466191e+02 4.958578e+02 1.987933e+02 2.033065e+07
-4.466506e+02 4.971642e+02 1.993170e+02 2.038421e+07
-4.466906e+02 5.013058e+02 2.009774e+02 2.055402e+07
-4.467364e+02 4.993126e+02 2.001783e+02 2.047230e+07
-4.467759e+02 5.012863e+02 2.009696e+02 2.055322e+07
-4.468159e+02 5.010543e+02 2.008766e+02 2.054371e+07
-4.468612e+02 4.994218e+02 2.002221e+02 2.047677e+07
-4.469072e+02 4.985213e+02 1.998611e+02 2.043986e+07
-4.469612e+02 4.974199e+02 1.994195e+02 2.039469e+07
-4.470153e+02 4.943126e+02 1.981738e+02 2.026729e+07
-4.470615e+02 4.941520e+02 1.981094e+02 2.026071e+07
-4.471098e+02 4.927004e+02 1.975274e+02 2.020119e+07
-4.471582e+02 4.928356e+02 1.975817e+02 2.020673e+07
-4.471926e+02 4.936750e+02 1.979182e+02 2.024115e+07
-4.472082e+02 4.912367e+02 1.969407e+02 2.014118e+07
-4.472074e+02 4.905639e+02 1.966709e+02 2.011359e+07
-4.471972e+02 4.915988e+02 1.970858e+02 2.015602e+07
-4.471827e+02 4.896738e+02 1.963141e+02 2.007710e+07
-4.471613e+02 4.891529e+02 1.961052e+02 2.005574e+07
-4.471252e+02 4.894083e+02 1.962076e+02 2.006621e+07
-4.470764e+02 4.896782e+02 1.963158e+02 2.007728e+07
-4.470242e+02 4.871945e+02 1.953201e+02 1.997544e+07
-4.469606e+02 4.868123e+02 1.951669e+02 1.995977e+07
-4.468874e+02 4.869677e+02 1.952292e+02 1.996615e+07
-4.468196e+02 4.875429e+02 1.954598e+02 1.998973e+07
-4.467525e+02 4.880234e+02 1.956524e+02 2.000943e+07
-4.466785e+02 4.882338e+02 1.957368e+02 2.001806e+07
-4.466002e+02 4.909117e+02 1.968103e+02 2.012785e+07
-4.465191e+02 4.931106e+02 1.976919e+02 2.021801e+07
-4.464370e+02 4.943107e+02 1.981731e+02 2.026722e+07
-4.463549e+02 4.930310e+02 1.976600e+02 2.021475e+07
-4.462650e+02 4.912830e+02 1.969592e+02 2.014308e+07
-4.461659e+02 4.937253e+02 1.979384e+02 2.024322e+07
-4.460613e+02 4.930352e+02 1.976617e+02 2.021492e+07
-4.459519e+02 4.901359e+02 1.964993e+02 2.009604e+07
-4.458423e+02 4.906725e+02 1.967145e+02 2.011805e+07
-4.457316e+02 4.931814e+02 1.977203e+02 2.022091e+07
-4.456133e+02 4.951120e+02 1.984943e+02 2.030007e+07
-4.454849e+02 4.965656e+02 1.990770e+02 2.035967e+07
-4.453515e+02 4.950533e+02 1.984708e+02 2.029766e+07
-4.452163e+02 4.953381e+02 1.985849e+02 2.030934e+07
-4.450733e+02 4.963800e+02 1.990026e+02 2.035206e+07
-4.449202e+02 4.968491e+02 1.991907e+02 2.037129e+07
-4.447636e+02 4.941777e+02 1.981197e+02 2.026176e+07
-4.446064e+02 4.916329e+02 1.970995e+02 2.015742e+07
-4.444469e+02 4.948305e+02 1.983814e+02 2.028853e+07
-4.442799e+02 4.944405e+02 1.982251e+02 2.027254e+07
-4.441110e+02 4.926500e+02 1.975073e+02 2.019913e+07
-4.439442e+02 4.920005e+02 1.972469e+02 2.017249e+07
-4.437745e+02 4.908500e+02 1.967856e+02 2.012533e+07
-4.436016e+02 4.905725e+02 1.966744e+02 2.011395e+07
-4.434325e+02 4.910780e+02 1.968770e+02 2.013467e+07
-4.432722e+02 4.906273e+02 1.966963e+02 2.011619e+07
-4.431175e+02 4.887358e+02 1.959380e+02 2.003864e+07
-4.429639e+02 4.896789e+02 1.963161e+02 2.007731e+07
-4.428141e+02 4.900056e+02 1.964471e+02 2.009070e+07
-4.426731e+02 4.898656e+02 1.963910e+02 2.008496e+07
-4.425445e+02 4.901226e+02 1.964940e+02 2.009550e+07
-4.424254e+02 4.896326e+02 1.962976e+02 2.007541e+07
-4.423090e+02 4.905369e+02 1.966601e+02 2.011249e+07
-4.421975e+02 4.875403e+02 1.954588e+02 1.998962e+07
-4.420958e+02 4.888251e+02 1.959738e+02 2.004230e+07
-4.420062e+02 4.886048e+02 1.958855e+02 2.003327e+07
-4.419227e+02 4.883216e+02 1.957720e+02 2.002166e+07
-4.418430e+02 4.883475e+02 1.957823e+02 2.002272e+07
-4.417775e+02 4.879671e+02 1.956298e+02 2.000712e+07
-4.417226e+02 4.869807e+02 1.952344e+02 1.996668e+07
-4.416762e+02 4.869853e+02 1.952362e+02 1.996687e+07
-4.416377e+02 4.860726e+02 1.948703e+02 1.992945e+07
-4.416084e+02 4.826681e+02 1.935054e+02 1.978986e+07
-4.415944e+02 4.830545e+02 1.936604e+02 1.980570e+07
-4.415892e+02 4.852430e+02 1.945377e+02 1.989543e+07
-4.415937e+02 4.816410e+02 1.930936e+02 1.974774e+07
-4.416146e+02 4.792508e+02 1.921354e+02 1.964974e+07
-4.416493e+02 4.808855e+02 1.927908e+02 1.971677e+07
-4.416937e+02 4.803287e+02 1.925676e+02 1.969394e+07
-4.417516e+02 4.823091e+02 1.933615e+02 1.977514e+07
-4.418225e+02 4.827119e+02 1.935230e+02 1.979165e+07
-4.418997e+02 4.814047e+02 1.929989e+02 1.973806e+07
-4.419829e+02 4.831601e+02 1.937027e+02 1.981003e+07
-4.420803e+02 4.829180e+02 1.936056e+02 1.980010e+07
-4.421925e+02 4.821285e+02 1.932891e+02 1.976773e+07
-4.423135e+02 4.823927e+02 1.933950e+02 1.977856e+07
-4.424468e+02 4.855914e+02 1.946774e+02 1.990972e+07
-4.425881e+02 4.867949e+02 1.951599e+02 1.995906e+07
-4.427368e+02 4.861143e+02 1.948871e+02 1.993116e+07
-4.428982e+02 4.828253e+02 1.935685e+02 1.979630e+07
-4.430637e+02 4.840447e+02 1.940573e+02 1.984630e+07
-4.432314e+02 4.852336e+02 1.945340e+02 1.989505e+07
-4.433976e+02 4.844866e+02 1.942345e+02 1.986442e+07
-4.435657e+02 4.859619e+02 1.948259e+02 1.992491e+07
-4.437464e+02 4.868371e+02 1.951768e+02 1.996079e+07
-4.439417e+02 4.887232e+02 1.959330e+02 2.003812e+07
-4.441456e+02 4.885220e+02 1.958523e+02 2.002987e+07
-4.443504e+02 4.847186e+02 1.943275e+02 1.987393e+07
-4.445602e+02 4.863516e+02 1.949822e+02 1.994089e+07
-4.447759e+02 4.881617e+02 1.957079e+02 2.001510e+07
-4.449943e+02 4.876816e+02 1.955154e+02 1.999542e+07
-4.452221e+02 4.865734e+02 1.950711e+02 1.994998e+07
-4.454563e+02 4.881069e+02 1.956859e+02 2.001285e+07
-4.456886e+02 4.890321e+02 1.960568e+02 2.005079e+07
-4.459267e+02 4.856164e+02 1.946874e+02 1.991074e+07
-4.461733e+02 4.864529e+02 1.950228e+02 1.994504e+07
-4.464133e+02 4.865344e+02 1.950555e+02 1.994838e+07
-4.466491e+02 4.864293e+02 1.950133e+02 1.994407e+07
-4.468887e+02 4.860718e+02 1.948700e+02 1.992941e+07
-4.471288e+02 4.847498e+02 1.943400e+02 1.987521e+07
-4.473694e+02 4.883054e+02 1.957655e+02 2.002099e+07
-4.476055e+02 4.911484e+02 1.969053e+02 2.013756e+07
-4.478382e+02 4.896194e+02 1.962923e+02 2.007487e+07
-4.480664e+02 4.913531e+02 1.969873e+02 2.014595e+07
-4.482909e+02 4.915036e+02 1.970477e+02 2.015212e+07
-4.485101e+02 4.914317e+02 1.970188e+02 2.014917e+07
-4.487243e+02 4.912827e+02 1.969591e+02 2.014306e+07
-4.489365e+02 4.901273e+02 1.964959e+02 2.009569e+07
-4.491421e+02 4.916128e+02 1.970914e+02 2.015660e+07
-4.493355e+02 4.906408e+02 1.967017e+02 2.011675e+07
-4.495174e+02 4.880762e+02 1.956736e+02 2.001160e+07
-4.496969e+02 4.880175e+02 1.956501e+02 2.000919e+07
-4.498732e+02 4.907297e+02 1.967374e+02 2.012039e+07
-4.500419e+02 4.893298e+02 1.961761e+02 2.006299e+07
-4.502028e+02 4.882999e+02 1.957632e+02 2.002076e+07
-4.503558e+02 4.905301e+02 1.966574e+02 2.011221e+07
-4.505005e+02 4.938347e+02 1.979822e+02 2.024770e+07
-4.506364e+02 4.947932e+02 1.983665e+02 2.028700e+07
-4.507623e+02 4.968203e+02 1.991792e+02 2.037011e+07
-4.508802e+02 4.959930e+02 1.988475e+02 2.033619e+07
-4.509947e+02 4.976252e+02 1.995019e+02 2.040311e+07
-4.511009e+02 4.958143e+02 1.987758e+02 2.032886e+07
-4.511995e+02 4.942055e+02 1.981309e+02 2.026290e+07
-4.512984e+02 4.960090e+02 1.988539e+02 2.033685e+07
-4.513969e+02 4.952140e+02 1.985352e+02 2.030425e+07
-4.514921e+02 4.955371e+02 1.986647e+02 2.031750e+07
-4.515800e+02 4.968015e+02 1.991716e+02 2.036934e+07
-4.516558e+02 4.977243e+02 1.995416e+02 2.040718e+07
-4.517184e+02 4.970767e+02 1.992819e+02 2.038062e+07
-4.517690e+02 4.981255e+02 1.997024e+02 2.042363e+07
-4.518183e+02 5.000436e+02 2.004714e+02 2.050227e+07
-4.518676e+02 4.993127e+02 2.001784e+02 2.047230e+07
-4.519136e+02 5.001832e+02 2.005274e+02 2.050799e+07
-4.519555e+02 5.013855e+02 2.010094e+02 2.055729e+07
-4.519914e+02 5.005174e+02 2.006614e+02 2.052170e+07
-4.520312e+02 4.979982e+02 1.996514e+02 2.041841e+07
-4.520757e+02 4.972725e+02 1.993604e+02 2.038865e+07
-4.521198e+02 4.937447e+02 1.979461e+02 2.024401e+07
-4.521611e+02 4.947373e+02 1.983440e+02 2.028470e+07
-4.522033e+02 4.929393e+02 1.976233e+02 2.021099e+07
-4.522490e+02 4.916671e+02 1.971132e+02 2.015882e+07
-4.522937e+02 4.895837e+02 1.962780e+02 2.007341e+07
-4.523304e+02 4.908477e+02 1.967847e+02 2.012523e+07
-4.523580e+02 4.892392e+02 1.961398e+02 2.005928e+07
-4.523834e+02 4.906278e+02 1.966965e+02 2.011621e+07
-4.524033e+02 4.867886e+02 1.951574e+02 1.995880e+07
-4.524151e+02 4.851654e+02 1.945066e+02 1.989225e+07
-4.524212e+02 4.836272e+02 1.938899e+02 1.982918e+07
-4.524163e+02 4.824808e+02 1.934304e+02 1.978218e+07
-4.524076e+02 4.821522e+02 1.932986e+02 1.976870e+07
-4.524019e+02 4.809735e+02 1.928261e+02 1.972038e+07
-4.523990e+02 4.807230e+02 1.927256e+02 1.971011e+07
-4.523975e+02 4.821473e+02 1.932966e+02 1.976851e+07
-4.523960e+02 4.837685e+02 1.939466e+02 1.983498e+07
-4.523999e+02 4.825266e+02 1.934487e+02 1.978406e+07
-4.524070e+02 4.838029e+02 1.939604e+02 1.983639e+07
-4.524103e+02 4.824030e+02 1.933992e+02 1.977899e+07
-4.524171e+02 4.830521e+02 1.936594e+02 1.980560e+07
-4.524315e+02 4.828896e+02 1.935942e+02 1.979894e+07
-4.524414e+02 4.800598e+02 1.924598e+02 1.968292e+07
-4.524458e+02 4.803920e+02 1.925929e+02 1.969654e+07
-4.524526e+02 4.779764e+02 1.916245e+02 1.959749e+07
-4.524600e+02 4.773773e+02 1.913843e+02 1.957293e+07
-4.524709e+02 4.788477e+02 1.919738e+02 1.963322e+07
-4.524825e+02 4.765269e+02 1.910434e+02 1.953806e+07
-4.524908e+02 4.759942e+02 1.908298e+02 1.951622e+07
-4.524915e+02 4.753953e+02 1.905897e+02 1.949167e+07
-4.524767e+02 4.778754e+02 1.915840e+02 1.959335e+07
-4.524585e+02 4.777613e+02 1.915382e+02 1.958867e+07
-4.524472e+02 4.796070e+02 1.922782e+02 1.966435e+07
-4.524336e+02 4.791603e+02 1.920991e+02 1.964604e+07
-4.524122e+02 4.801913e+02 1.925125e+02 1.968831e+07
-4.523851e+02 4.786597e+02 1.918984e+02 1.962551e+07
-4.523517e+02 4.775927e+02 1.914706e+02 1.958176e+07
-4.523073e+02 4.748612e+02 1.903756e+02 1.946977e+07
-4.522556e+02 4.766537e+02 1.910942e+02 1.954326e+07
-4.522016e+02 4.783077e+02 1.917573e+02 1.961108e+07
-4.521409e+02 4.754331e+02 1.906049e+02 1.949322e+07
-4.520743e+02 4.768036e+02 1.911543e+02 1.954941e+07
-4.520030e+02 4.749059e+02 1.903935e+02 1.947160e+07
-4.519286e+02 4.755550e+02 1.906537e+02 1.949821e+07
-4.518496e+02 4.756928e+02 1.907090e+02 1.950386e+07
-4.517705e+02 4.760711e+02 1.908606e+02 1.951937e+07
-4.516970e+02 4.767452e+02 1.911309e+02 1.954701e+07
-4.516253e+02 4.770796e+02 1.912650e+02 1.956073e+07
-4.515512e+02 4.792349e+02 1.921290e+02 1.964909e+07
-4.514739e+02 4.789276e+02 1.920058e+02 1.963649e+07
-4.513929e+02 4.807565e+02 1.927391e+02 1.971148e+07
-4.513142e+02 4.810457e+02 1.928550e+02 1.972334e+07
-4.512420e+02 4.829996e+02 1.936383e+02 1.980345e+07
-4.511669e+02 4.857245e+02 1.947308e+02 1.991517e+07
-4.510813e+02 4.893681e+02 1.961915e+02 2.006457e+07
-4.509834e+02 4.872399e+02 1.953383e+02 1.997731e+07
-4.508764e+02 4.847247e+02 1.943299e+02 1.987418e+07
-4.507708e+02 4.854047e+02 1.946026e+02 1.990206e+07
-4.506646e+02 4.811809e+02 1.929092e+02 1.972888e+07
-4.505567e+02 4.823574e+02 1.933809e+02 1.977712e+07
-4.504447e+02 4.832561e+02 1.937411e+02 1.981396e+07
-4.503294e+02 4.842003e+02 1.941197e+02 1.985268e+07
-4.502128e+02 4.808859e+02 1.927909e+02 1.971679e+07
-4.500872e+02 4.794414e+02 1.922118e+02 1.965756e+07
-4.499571e+02 4.815692e+02 1.930649e+02 1.974480e+07
-4.498285e+02 4.808733e+02 1.927859e+02 1.971627e+07
-4.497012e+02 4.788490e+02 1.919743e+02 1.963327e+07
-4.495681e+02 4.781151e+02 1.916801e+02 1.960318e+07
-4.494229e+02 4.795097e+02 1.922392e+02 1.966036e+07
-4.492681e+02 4.777363e+02 1.915282e+02 1.958765e+07
-4.491113e+02 4.787579e+02 1.919378e+02 1.962954e+07
-4.489545e+02 4.797073e+02 1.923184e+02 1.966846e+07
-4.487966e+02 4.792236e+02 1.921245e+02 1.964863e+07
-4.486380e+02 4.809801e+02 1.928287e+02 1.972065e+07
-4.484779e+02 4.786582e+02 1.918978e+02 1.962545e+07
-4.483192e+02 4.792830e+02 1.921483e+02 1.965107e+07
-4.481634e+02 4.812749e+02 1.929469e+02 1.973274e+07
-4.480081e+02 4.825193e+02 1.934458e+02 1.978376e+07
-4.478525e+02 4.820593e+02 1.932614e+02 1.976490e+07
-4.476953e+02 4.839117e+02 1.940040e+02 1.984085e+07
-4.475303e+02 4.846498e+02 1.942999e+02 1.987111e+07
-4.473508e+02 4.814159e+02 1.930034e+02 1.973852e+07
-4.471631e+02 4.843523e+02 1.941807e+02 1.985891e+07
-4.469792e+02 4.857901e+02 1.947571e+02 1.991786e+07
-4.467949e+02 4.864841e+02 1.950353e+02 1.994632e+07
-4.465995e+02 4.881119e+02 1.956879e+02 2.001306e+07
-4.464012e+02 4.885253e+02 1.958536e+02 2.003001e+07
-4.462037e+02 4.891825e+02 1.961171e+02 2.005696e+07
-4.459993e+02 4.865714e+02 1.950703e+02 1.994990e+07
-4.457871e+02 4.849491e+02 1.944199e+02 1.988338e+07
-4.455694e+02 4.853684e+02 1.945880e+02 1.990057e+07
-4.453469e+02 4.849875e+02 1.944353e+02 1.988495e+07
-4.451177e+02 4.875682e+02 1.954699e+02 1.999076e+07
-4.448785e+02 4.901920e+02 1.965218e+02 2.009835e+07
-4.446384e+02 4.913703e+02 1.969942e+02 2.014666e+07
-4.443997e+02 4.917897e+02 1.971623e+02 2.016385e+07
-4.441574e+02 4.923162e+02 1.973734e+02 2.018544e+07
-4.439151e+02 4.936963e+02 1.979267e+02 2.024202e+07
-4.436651e+02 4.898450e+02 1.963827e+02 2.008412e+07
-4.434082e+02 4.894045e+02 1.962061e+02 2.006606e+07
-4.431426e+02 4.897458e+02 1.963429e+02 2.008005e+07
-4.428648e+02 4.887703e+02 1.959519e+02 2.004005e+07
-4.425764e+02 4.904780e+02 1.966365e+02 2.011007e+07
-4.422776e+02 4.908740e+02 1.967953e+02 2.012631e+07
-4.419681e+02 4.907416e+02 1.967422e+02 2.012088e+07
-4.416497e+02 4.860689e+02 1.948688e+02 1.992929e+07
-4.413239e+02 4.863606e+02 1.949858e+02 1.994125e+07
-4.409902e+02 4.869702e+02 1.952302e+02 1.996625e+07
-4.406545e+02 4.860166e+02 1.948479e+02 1.992715e+07
-4.403205e+02 4.868929e+02 1.951992e+02 1.996308e+07
-4.399827e+02 4.865290e+02 1.950533e+02 1.994816e+07
-4.396388e+02 4.868722e+02 1.951909e+02 1.996223e+07
-4.392891e+02 4.858120e+02 1.947658e+02 1.991876e+07
-4.389332e+02 4.867578e+02 1.951450e+02 1.995754e+07
-4.385667e+02 4.867351e+02 1.951359e+02 1.995661e+07
-4.381897e+02 4.887651e+02 1.959498e+02 2.003984e+07
-4.378122e+02 4.900882e+02 1.964802e+02 2.009409e+07
-4.374260e+02 4.889625e+02 1.960289e+02 2.004793e+07
-4.370311e+02 4.883133e+02 1.957686e+02 2.002132e+07
-4.366383e+02 4.851066e+02 1.944831e+02 1.988984e+07
-4.362454e+02 4.850437e+02 1.944578e+02 1.988726e+07
-4.358480e+02 4.861582e+02 1.949046e+02 1.993295e+07
-4.354416e+02 4.857869e+02 1.947558e+02 1.991773e+07
-4.350210e+02 4.834510e+02 1.938193e+02 1.982196e+07
-4.345905e+02 4.840895e+02 1.940753e+02 1.984813e+07
-4.341591e+02 4.825036e+02 1.934395e+02 1.978311e+07
-4.337223e+02 4.844503e+02 1.942199e+02 1.986293e+07
-4.332762e+02 4.849816e+02 1.944329e+02 1.988471e+07
-4.328220e+02 4.868032e+02 1.951632e+02 1.995940e+07
-4.323673e+02 4.892115e+02 1.961287e+02 2.005814e+07
-4.319120e+02 4.869167e+02 1.952087e+02 1.996405e+07
-4.314502e+02 4.869293e+02 1.952138e+02 1.996457e+07
-4.309924e+02 4.827582e+02 1.935416e+02 1.979355e+07
-4.305400e+02 4.825023e+02 1.934390e+02 1.978306e+07
-4.300897e+02 4.839014e+02 1.939999e+02 1.984043e+07
-4.296366e+02 4.872625e+02 1.953473e+02 1.997823e+07
-4.291731e+02 4.894281e+02 1.962156e+02 2.006702e+07
-4.287082e+02 4.875786e+02 1.954741e+02 1.999119e+07
-4.282499e+02 4.871432e+02 1.952995e+02 1.997334e+07
-4.277959e+02 4.868700e+02 1.951900e+02 1.996214e+07
-4.273371e+02 4.913123e+02 1.969710e+02 2.014428e+07
-4.268699e+02 4.915041e+02 1.970479e+02 2.015214e+07
-4.264012e+02 4.899607e+02 1.964291e+02 2.008886e+07
-4.259397e+02 4.877757e+02 1.955531e+02 1.999927e+07
-4.254799e+02 4.841135e+02 1.940849e+02 1.984912e+07
-4.250234e+02 4.808306e+02 1.927687e+02 1.971452e+07
-4.245824e+02 4.781525e+02 1.916951e+02 1.960471e+07
-4.241520e+02 4.781725e+02 1.917031e+02 1.960553e+07
-4.237247e+02 4.777557e+02 1.915360e+02 1.958845e+07
-4.233049e+02 4.790596e+02 1.920588e+02 1.964191e+07
-4.229005e+02 4.808444e+02 1.927743e+02 1.971508e+07
-4.225174e+02 4.840283e+02 1.940507e+02 1.984563e+07
-4.221512e+02 4.818414e+02 1.931740e+02 1.975596e+07
-4.218036e+02 4.788546e+02 1.919766e+02 1.963350e+07
-4.214804e+02 4.798122e+02 1.923605e+02 1.967276e+07
-4.211776e+02 4.796218e+02 1.922841e+02 1.966496e+07
-4.208999e+02 4.804488e+02 1.926157e+02 1.969887e+07
-4.206489e+02 4.814613e+02 1.930216e+02 1.974038e+07
-4.204135e+02 4.818268e+02 1.931681e+02 1.975536e+07
-4.201903e+02 4.816305e+02 1.930894e+02 1.974732e+07
-4.199813e+02 4.822161e+02 1.933242e+02 1.977133e+07
-4.197836e+02 4.842640e+02 1.941453e+02 1.985529e+07
-4.195915e+02 4.825108e+02 1.934424e+02 1.978341e+07
-4.194090e+02 4.837673e+02 1.939461e+02 1.983492e+07
-4.192502e+02 4.845551e+02 1.942619e+02 1.986722e+07
-4.191144e+02 4.836822e+02 1.939120e+02 1.983144e+07
-4.189921e+02 4.811741e+02 1.929065e+02 1.972860e+07
-4.188852e+02 4.806714e+02 1.927049e+02 1.970799e+07
-4.187976e+02 4.809636e+02 1.928221e+02 1.971997e+07
-4.187206e+02 4.786494e+02 1.918943e+02 1.962509e+07
-4.186546e+02 4.770625e+02 1.912581e+02 1.956002e+07
-4.186066e+02 4.779754e+02 1.916241e+02 1.959745e+07
-4.185790e+02 4.788075e+02 1.919577e+02 1.963157e+07
-4.185721e+02 4.780326e+02 1.916470e+02 1.959980e+07
-4.185894e+02 4.796343e+02 1.922891e+02 1.966547e+07
-4.186258e+02 4.820303e+02 1.932497e+02 1.976371e+07
-4.186807e+02 4.834615e+02 1.938235e+02 1.982239e+07
-4.187550e+02 4.867052e+02 1.951239e+02 1.995538e+07
-4.188429e+02 4.854753e+02 1.946309e+02 1.990496e+07
-4.189442e+02 4.838156e+02 1.939655e+02 1.983691e+07
-4.190655e+02 4.847866e+02 1.943547e+02 1.987672e+07
-4.192068e+02 4.855928e+02 1.946780e+02 1.990977e+07
-4.193645e+02 4.822714e+02 1.933464e+02 1.977359e+07
-4.195470e+02 4.818318e+02 1.931702e+02 1.975557e+07
-4.197526e+02 4.835679e+02 1.938662e+02 1.982675e+07
-4.199790e+02 4.838832e+02 1.939926e+02 1.983968e+07
-4.202312e+02 4.863782e+02 1.949928e+02 1.994198e+07
-4.205026e+02 4.848156e+02 1.943664e+02 1.987791e+07
-4.207796e+02 4.849248e+02 1.944102e+02 1.988239e+07
-4.210596e+02 4.864215e+02 1.950102e+02 1.994375e+07
-4.213566e+02 4.849905e+02 1.944365e+02 1.988508e+07
-4.216802e+02 4.857546e+02 1.947428e+02 1.991641e+07
-4.220167e+02 4.863604e+02 1.949857e+02 1.994124e+07
-4.223536e+02 4.825526e+02 1.934591e+02 1.978512e+07
-4.227003e+02 4.840143e+02 1.940451e+02 1.984505e+07
-4.230677e+02 4.827804e+02 1.935505e+02 1.979446e+07
-4.234498e+02 4.810460e+02 1.928551e+02 1.972335e+07
-4.238481e+02 4.828406e+02 1.935746e+02 1.979693e+07
-4.242673e+02 4.836868e+02 1.939138e+02 1.983162e+07
-4.246992e+02 4.839366e+02 1.940140e+02 1.984187e+07
-4.251333e+02 4.816831e+02 1.931105e+02 1.974947e+07
-4.255794e+02 4.815884e+02 1.930726e+02 1.974559e+07
-4.260411e+02 4.781125e+02 1.916790e+02 1.960307e+07
-4.265069e+02 4.756659e+02 1.906982e+02 1.950276e+07
-4.269758e+02 4.736636e+02 1.898955e+02 1.942067e+07
-4.274424e+02 4.745784e+02 1.902622e+02 1.945817e+07
-4.278985e+02 4.738833e+02 1.899835e+02 1.942967e+07
-4.283519e+02 4.762458e+02 1.909307e+02 1.952654e+07
-4.288085e+02 4.778778e+02 1.915850e+02 1.959345e+07
-4.292680e+02 4.789373e+02 1.920097e+02 1.963689e+07
-4.297381e+02 4.799754e+02 1.924259e+02 1.967946e+07
-4.302172e+02 4.803099e+02 1.925600e+02 1.969317e+07
-4.306992e+02 4.847958e+02 1.943584e+02 1.987709e+07
-4.311850e+02 4.839318e+02 1.940121e+02 1.984167e+07
-4.316663e+02 4.832761e+02 1.937492e+02 1.981479e+07
-4.321315e+02 4.809246e+02 1.928064e+02 1.971837e+07
-4.325887e+02 4.811881e+02 1.929121e+02 1.972918e+07
-4.330398e+02 4.816976e+02 1.931164e+02 1.975007e+07
-4.334786e+02 4.820606e+02 1.932619e+02 1.976495e+07
-4.339010e+02 4.835555e+02 1.938612e+02 1.982624e+07
-4.343079e+02 4.842501e+02 1.941397e+02 1.985472e+07
-4.347027e+02 4.867741e+02 1.951516e+02 1.995821e+07
-4.350864e+02 4.878242e+02 1.955726e+02 2.000126e+07
-4.354641e+02 4.888515e+02 1.959844e+02 2.004338e+07
-4.358318e+02 4.914711e+02 1.970346e+02 2.015079e+07
-4.361829e+02 4.909963e+02 1.968443e+02 2.013132e+07
-4.365181e+02 4.896259e+02 1.962949e+02 2.007513e+07
-4.368380e+02 4.839316e+02 1.940120e+02 1.984166e+07
-4.371431e+02 4.829546e+02 1.936203e+02 1.980161e+07
-4.374317e+02 4.828449e+02 1.935763e+02 1.979711e+07
-4.376997e+02 4.856156e+02 1.946871e+02 1.991071e+07
-4.379484e+02 4.872032e+02 1.953236e+02 1.997580e+07
-4.381797e+02 4.894140e+02 1.962099e+02 2.006645e+07
-4.383953e+02 4.925857e+02 1.974815e+02 2.019649e+07
-4.385949e+02 4.932356e+02 1.977420e+02 2.022313e+07
-4.387783e+02 4.915154e+02 1.970524e+02 2.015261e+07
-4.389466e+02 4.934508e+02 1.978283e+02 2.023196e+07
-4.390963e+02 4.936488e+02 1.979077e+02 2.024008e+07
-4.392224e+02 4.940045e+02 1.980503e+02 2.025466e+07
-4.393316e+02 4.944682e+02 1.982362e+02 2.027367e+07
-4.394315e+02 4.944286e+02 1.982203e+02 2.027205e+07
-4.395184e+02 4.927138e+02 1.975328e+02 2.020174e+07
-4.395901e+02 4.903142e+02 1.965708e+02 2.010335e+07
-4.396484e+02 4.915627e+02 1.970713e+02 2.015455e+07
-4.396924e+02 4.909006e+02 1.968059e+02 2.012740e+07
-4.397228e+02 4.926110e+02 1.974916e+02 2.019753e+07
-4.397378e+02 4.919275e+02 1.972176e+02 2.016950e+07
-4.397368e+02 4.916297e+02 1.970982e+02 2.015729e+07
-4.397217e+02 4.918061e+02 1.971689e+02 2.016453e+07
-4.396880e+02 4.907903e+02 1.967617e+02 2.012288e+07
-4.396349e+02 4.887437e+02 1.959412e+02 2.003896e+07
-4.395704e+02 4.879484e+02 1.956223e+02 2.000635e+07
-4.394925e+02 4.862625e+02 1.949465e+02 1.993723e+07
-4.393893e+02 4.859173e+02 1.948081e+02 1.992308e+07
-4.392663e+02 4.855456e+02 1.946590e+02 1.990784e+07
-4.391284e+02 4.848555e+02 1.943824e+02 1.987954e+07
-4.389759e+02 4.822895e+02 1.933536e+02 1.977433e+07
-4.388093e+02 4.824773e+02 1.934289e+02 1.978203e+07
-4.386234e+02 4.822333e+02 1.933311e+02 1.977203e+07
-4.384171e+02 4.834929e+02 1.938361e+02 1.982368e+07
-4.381940e+02 4.830081e+02 1.936417e+02 1.980380e+07
-4.379608e+02 4.843159e+02 1.941660e+02 1.985742e+07
-4.377149e+02 4.872533e+02 1.953437e+02 1.997785e+07
-4.374598e+02 4.899197e+02 1.964127e+02 2.008718e+07
-4.371962e+02 4.898047e+02 1.963665e+02 2.008246e+07
-4.369147e+02 4.870907e+02 1.952785e+02 1.997119e+07
-4.366187e+02 4.877316e+02 1.955354e+02 1.999747e+07
-4.363145e+02 4.854381e+02 1.946159e+02 1.990343e+07
-4.360000e+02 4.841007e+02 1.940798e+02 1.984860e+07
-4.356755e+02 4.875100e+02 1.954466e+02 1.998838e+07
-4.353348e+02 4.844515e+02 1.942204e+02 1.986298e+07
-4.349815e+02 4.839546e+02 1.940212e+02 1.984261e+07
-4.346273e+02 4.846059e+02 1.942823e+02 1.986931e+07
-4.342708e+02 4.833073e+02 1.937617e+02 1.981606e+07
-4.339145e+02 4.825514e+02 1.934586e+02 1.978507e+07
-4.335568e+02 4.825364e+02 1.934526e+02 1.978446e+07
-4.331956e+02 4.813338e+02 1.929705e+02 1.973515e+07
-4.328252e+02 4.805547e+02 1.926581e+02 1.970321e+07
-4.324463e+02 4.792519e+02 1.921358e+02 1.964979e+07
-4.320650e+02 4.770992e+02 1.912728e+02 1.956153e+07
-4.316824e+02 4.784423e+02 1.918113e+02 1.961660e+07
-4.313002e+02 4.808714e+02 1.927851e+02 1.971619e+07
-4.309166e+02 4.822332e+02 1.933311e+02 1.977203e+07
-4.305277e+02 4.792545e+02 1.921369e+02 1.964989e+07
-4.301320e+02 4.766065e+02 1.910753e+02 1.954133e+07
-4.297334e+02 4.768070e+02 1.911557e+02 1.954955e+07
-4.293323e+02 4.767463e+02 1.911313e+02 1.954706e+07
-4.289233e+02 4.755337e+02 1.906452e+02 1.949734e+07
-4.285043e+02 4.753512e+02 1.905720e+02 1.948986e+07
-4.280797e+02 4.762961e+02 1.909509e+02 1.952860e+07
-4.276643e+02 4.747697e+02 1.903389e+02 1.946602e+07
-4.272629e+02 4.740888e+02 1.900659e+02 1.943810e+07
-4.268715e+02 4.724515e+02 1.894095e+02 1.937097e+07
-4.264931e+02 4.729340e+02 1.896030e+02 1.939075e+07
-4.261338e+02 4.726535e+02 1.894905e+02 1.937925e+07
-4.257903e+02 4.707070e+02 1.887101e+02 1.929944e+07
-4.254494e+02 4.717975e+02 1.891473e+02 1.934415e+07
-4.251099e+02 4.715619e+02 1.890529e+02 1.933449e+07
-4.247822e+02 4.689866e+02 1.880204e+02 1.922890e+07
-4.244705e+02 4.693554e+02 1.881682e+02 1.924402e+07
-4.241721e+02 4.683164e+02 1.877517e+02 1.920142e+07
-4.238820e+02 4.690684e+02 1.880532e+02 1.923226e+07
-4.235992e+02 4.645085e+02 1.862251e+02 1.904530e+07
-4.233221e+02 4.664407e+02 1.869997e+02 1.912452e+07
-4.230505e+02 4.645997e+02 1.862617e+02 1.904904e+07
-4.227870e+02 4.625307e+02 1.854322e+02 1.896420e+07
-4.225295e+02 4.626129e+02 1.854652e+02 1.896758e+07
-4.222807e+02 4.614672e+02 1.850058e+02 1.892060e+07
-4.220425e+02 4.605867e+02 1.846528e+02 1.888450e+07
-4.218147e+02 4.606047e+02 1.846600e+02 1.888524e+07
-4.216048e+02 4.619973e+02 1.852184e+02 1.894234e+07
-4.214155e+02 4.610726e+02 1.848476e+02 1.890442e+07
-4.212449e+02 4.600702e+02 1.844458e+02 1.886332e+07
-4.210888e+02 4.608482e+02 1.847576e+02 1.889522e+07
-4.209338e+02 4.591507e+02 1.840771e+02 1.882562e+07
-4.207809e+02 4.577883e+02 1.835309e+02 1.876976e+07
-4.206345e+02 4.576147e+02 1.834613e+02 1.876264e+07
-4.204991e+02 4.597210e+02 1.843057e+02 1.884900e+07
-4.203763e+02 4.606147e+02 1.846640e+02 1.888565e+07
-4.202582e+02 4.592292e+02 1.841086e+02 1.882884e+07
-4.201495e+02 4.596904e+02 1.842935e+02 1.884775e+07
-4.200547e+02 4.615620e+02 1.850438e+02 1.892449e+07
-4.199697e+02 4.620342e+02 1.852331e+02 1.894385e+07
-4.198977e+02 4.632052e+02 1.857026e+02 1.899186e+07
-4.198385e+02 4.618430e+02 1.851565e+02 1.893601e+07
-4.197877e+02 4.603277e+02 1.845490e+02 1.887388e+07
-4.197539e+02 4.592166e+02 1.841035e+02 1.882832e+07
-4.197387e+02 4.579952e+02 1.836139e+02 1.877825e+07
-4.197431e+02 4.596639e+02 1.842829e+02 1.884666e+07
-4.197623e+02 4.579928e+02 1.836129e+02 1.877815e+07
-4.197826e+02 4.572137e+02 1.833005e+02 1.874620e+07
-4.198103e+02 4.583398e+02 1.837520e+02 1.879237e+07
-4.198547e+02 4.550738e+02 1.824427e+02 1.865847e+07
-4.199144e+02 4.551815e+02 1.824858e+02 1.866288e+07
-4.199854e+02 4.534033e+02 1.817730e+02 1.858997e+07
-4.200703e+02 4.509091e+02 1.807730e+02 1.848771e+07
-4.201642e+02 4.501967e+02 1.804874e+02 1.845850e+07
-4.202600e+02 4.493957e+02 1.801663e+02 1.842566e+07
-4.203610e+02 4.518188e+02 1.811377e+02 1.852501e+07
-4.204652e+02 4.503605e+02 1.805530e+02 1.846521e+07
-4.205740e+02 4.519519e+02 1.811911e+02 1.853047e+07
-4.206957e+02 4.514024e+02 1.809708e+02 1.850793e+07
-4.208345e+02 4.534596e+02 1.817955e+02 1.859228e+07
-4.209866e+02 4.534607e+02 1.817960e+02 1.859233e+07
-4.211391e+02 4.549626e+02 1.823981e+02 1.865391e+07
-4.212978e+02 4.560365e+02 1.828286e+02 1.869794e+07
-4.214677e+02 4.578507e+02 1.835559e+02 1.877232e+07
-4.216389e+02 4.584348e+02 1.837901e+02 1.879627e+07
-4.218073e+02 4.599957e+02 1.844159e+02 1.886027e+07
-4.219777e+02 4.607870e+02 1.847331e+02 1.889271e+07
-4.221602e+02 4.620696e+02 1.852473e+02 1.894530e+07
-4.223568e+02 4.629849e+02 1.856143e+02 1.898283e+07
-4.225647e+02 4.619762e+02 1.852099e+02 1.894147e+07
-4.227843e+02 4.609977e+02 1.848176e+02 1.890135e+07
-4.230154e+02 4.608725e+02 1.847674e+02 1.889622e+07
-4.232543e+02 4.620454e+02 1.852376e+02 1.894431e+07
-4.235033e+02 4.629051e+02 1.855823e+02 1.897956e+07
-4.237582e+02 4.625668e+02 1.854467e+02 1.896568e+07
-4.240111e+02 4.630984e+02 1.856598e+02 1.898748e+07
-4.242637e+02 4.604590e+02 1.846016e+02 1.887926e+07
-4.245138e+02 4.604596e+02 1.846019e+02 1.887929e+07
-4.247637e+02 4.584077e+02 1.837792e+02 1.879516e+07
-4.250150e+02 4.613577e+02 1.849619e+02 1.891611e+07
-4.252730e+02 4.644762e+02 1.862121e+02 1.904397e+07
-4.255338e+02 4.628351e+02 1.855542e+02 1.897669e+07
-4.257914e+02 4.635403e+02 1.858369e+02 1.900560e+07
-4.260499e+02 4.653072e+02 1.865453e+02 1.907804e+07
-4.263004e+02 4.680753e+02 1.876551e+02 1.919154e+07
-4.265408e+02 4.718567e+02 1.891711e+02 1.934658e+07
-4.267751e+02 4.746764e+02 1.903015e+02 1.946219e+07
-4.270002e+02 4.737765e+02 1.899407e+02 1.942529e+07
-4.272169e+02 4.767124e+02 1.911177e+02 1.954567e+07
-4.274295e+02 4.744845e+02 1.902246e+02 1.945432e+07
-4.276398e+02 4.784152e+02 1.918004e+02 1.961548e+07
-4.278480e+02 4.815158e+02 1.930435e+02 1.974261e+07
-4.280513e+02 4.829806e+02 1.936307e+02 1.980267e+07
-4.282494e+02 4.830194e+02 1.936463e+02 1.980426e+07
-4.284455e+02 4.841235e+02 1.940889e+02 1.984953e+07
-4.286335e+02 4.828067e+02 1.935610e+02 1.979554e+07
-4.288054e+02 4.849499e+02 1.944202e+02 1.988341e+07
-4.289611e+02 4.850637e+02 1.944659e+02 1.988808e+07
-4.291011e+02 4.848863e+02 1.943947e+02 1.988081e+07
-4.292266e+02 4.841355e+02 1.940937e+02 1.985002e+07
-4.293446e+02 4.850090e+02 1.944439e+02 1.988584e+07
-4.294513e+02 4.834074e+02 1.938018e+02 1.982017e+07
-4.295407e+02 4.878511e+02 1.955833e+02 2.000236e+07
-4.296172e+02 4.884254e+02 1.958136e+02 2.002591e+07
-4.296805e+02 4.923562e+02 1.973895e+02 2.018708e+07
-4.297319e+02 4.918479e+02 1.971857e+02 2.016624e+07
-4.297816e+02 4.928889e+02 1.976030e+02 2.020892e+07
-4.298318e+02 4.939456e+02 1.980267e+02 2.025225e+07
-4.298747e+02 4.941202e+02 1.980966e+02 2.025940e+07
-4.299040e+02 4.955941e+02 1.986876e+02 2.031984e+07
-4.299179e+02 4.972928e+02 1.993686e+02 2.038948e+07
-4.299219e+02 4.941294e+02 1.981004e+02 2.025978e+07
-4.299154e+02 4.921491e+02 1.973064e+02 2.017859e+07
-4.298926e+02 4.900989e+02 1.964845e+02 2.009453e+07
-4.298545e+02 4.885273e+02 1.958544e+02 2.003009e+07
-4.298028e+02 4.904944e+02 1.966430e+02 2.011074e+07
-4.297442e+02 4.908067e+02 1.967682e+02 2.012355e+07
-4.296816e+02 4.893587e+02 1.961878e+02 2.006418e+07
-4.296136e+02 4.907760e+02 1.967559e+02 2.012229e+07
-4.295485e+02 4.924946e+02 1.974449e+02 2.019275e+07
-4.294871e+02 4.882710e+02 1.957517e+02 2.001958e+07
-4.294219e+02 4.912705e+02 1.969542e+02 2.014256e+07
-4.293514e+02 4.927348e+02 1.975413e+02 2.020260e+07
-4.292772e+02 4.910157e+02 1.968520e+02 2.013212e+07
-4.291975e+02 4.926666e+02 1.975139e+02 2.019981e+07
-4.291121e+02 4.947668e+02 1.983559e+02 2.028591e+07
-4.290254e+02 4.949615e+02 1.984340e+02 2.029390e+07
-4.289358e+02 4.965214e+02 1.990593e+02 2.035786e+07
-4.288377e+02 4.955126e+02 1.986549e+02 2.031649e+07
-4.287261e+02 4.956110e+02 1.986943e+02 2.032053e+07
-4.285984e+02 4.961102e+02 1.988945e+02 2.034099e+07
-4.284593e+02 4.992647e+02 2.001592e+02 2.047034e+07
-4.283179e+02 5.017089e+02 2.011390e+02 2.057055e+07
-4.281758e+02 5.021167e+02 2.013025e+02 2.058727e+07
-4.280338e+02 5.006952e+02 2.007326e+02 2.052899e+07
-4.278879e+02 4.987554e+02 1.999550e+02 2.044945e+07
-4.277341e+02 4.989265e+02 2.000236e+02 2.045647e+07
-4.275765e+02 5.019098e+02 2.012196e+02 2.057879e+07
-4.274232e+02 5.018826e+02 2.012087e+02 2.057767e+07
-4.272778e+02 5.054558e+02 2.026412e+02 2.072418e+07
-4.271356e+02 5.026006e+02 2.014965e+02 2.060711e+07
-4.269861e+02 5.034802e+02 2.018491e+02 2.064317e+07
-4.268288e+02 5.013260e+02 2.009855e+02 2.055485e+07
-4.266742e+02 5.012626e+02 2.009601e+02 2.055225e+07
-4.265210e+02 4.994407e+02 2.002297e+02 2.047755e+07
-4.263658e+02 4.982133e+02 1.997376e+02 2.042723e+07
-4.262115e+02 4.992137e+02 2.001387e+02 2.046824e+07
-4.260587e+02 4.986435e+02 1.999101e+02 2.044486e+07
-4.259009e+02 4.976301e+02 1.995038e+02 2.040332e+07
-4.257419e+02 4.979042e+02 1.996137e+02 2.041455e+07
-4.255819e+02 5.002567e+02 2.005568e+02 2.051101e+07
-4.254301e+02 4.993935e+02 2.002108e+02 2.047562e+07
-4.252948e+02 5.022379e+02 2.013511e+02 2.059224e+07
-4.251599e+02 5.000933e+02 2.004913e+02 2.050431e+07
-4.250196e+02 5.036645e+02 2.019230e+02 2.065073e+07
-4.248830e+02 5.049968e+02 2.024572e+02 2.070535e+07
-4.247560e+02 5.068923e+02 2.032171e+02 2.078307e+07
-4.246313e+02 5.080478e+02 2.036803e+02 2.083045e+07
-4.245123e+02 5.084169e+02 2.038283e+02 2.084558e+07
-4.244087e+02 5.091818e+02 2.041350e+02 2.087694e+07
-4.243142e+02 5.098482e+02 2.044022e+02 2.090427e+07
-4.242167e+02 5.096485e+02 2.043221e+02 2.089608e+07
-4.241292e+02 5.093681e+02 2.042097e+02 2.088459e+07
-4.240580e+02 5.114257e+02 2.050346e+02 2.096895e+07
-4.239901e+02 5.101055e+02 2.045053e+02 2.091482e+07
-4.239230e+02 5.082230e+02 2.037506e+02 2.083763e+07
-4.238613e+02 5.060144e+02 2.028652e+02 2.074708e+07
-4.238054e+02 5.065237e+02 2.030693e+02 2.076796e+07
-4.237572e+02 5.036222e+02 2.019061e+02 2.064900e+07
-4.237207e+02 5.029759e+02 2.016470e+02 2.062250e+07
-4.236903e+02 5.038966e+02 2.020161e+02 2.066025e+07
-4.236696e+02 5.021835e+02 2.013293e+02 2.059001e+07
-4.236646e+02 5.033412e+02 2.017934e+02 2.063747e+07
-4.236635e+02 5.049927e+02 2.024556e+02 2.070519e+07
-4.236603e+02 5.061360e+02 2.029139e+02 2.075206e+07
-4.236664e+02 5.068551e+02 2.032022e+02 2.078155e+07
-4.236835e+02 5.064002e+02 2.030198e+02 2.076290e+07
-4.237027e+02 5.073709e+02 2.034090e+02 2.080270e+07
-4.237319e+02 5.041404e+02 2.021138e+02 2.067024e+07
-4.237756e+02 5.022616e+02 2.013606e+02 2.059321e+07
-4.238218e+02 5.013471e+02 2.009940e+02 2.055571e+07
-4.238694e+02 5.038503e+02 2.019975e+02 2.065835e+07
-4.239171e+02 5.035432e+02 2.018744e+02 2.064576e+07
-4.239668e+02 5.063305e+02 2.029919e+02 2.076004e+07
-4.240243e+02 5.060306e+02 2.028717e+02 2.074774e+07
-4.240823e+02 5.056725e+02 2.027281e+02 2.073306e+07
-4.241327e+02 5.076406e+02 2.035171e+02 2.081375e+07
-4.241758e+02 5.066959e+02 2.031384e+02 2.077502e+07
-4.242224e+02 5.041402e+02 2.021138e+02 2.067024e+07
-4.242756e+02 5.040560e+02 2.020800e+02 2.066678e+07
-4.243321e+02 5.044156e+02 2.022242e+02 2.068152e+07
-4.243944e+02 5.051804e+02 2.025308e+02 2.071288e+07
-4.244660e+02 5.054152e+02 2.026249e+02 2.072251e+07
-4.245445e+02 5.053055e+02 2.025810e+02 2.071801e+07
-4.246270e+02 5.057892e+02 2.027749e+02 2.073785e+07
-4.247184e+02 5.060128e+02 2.028645e+02 2.074701e+07
-4.248204e+02 5.071923e+02 2.033374e+02 2.079537e+07
-4.249224e+02 5.062519e+02 2.029604e+02 2.075682e+07
-4.250258e+02 5.041460e+02 2.021161e+02 2.067047e+07
-4.251344e+02 5.006667e+02 2.007212e+02 2.052782e+07
-4.252413e+02 5.033522e+02 2.017979e+02 2.063793e+07
-4.253459e+02 5.018715e+02 2.012042e+02 2.057722e+07
-4.254456e+02 5.033948e+02 2.018149e+02 2.063967e+07
-4.255391e+02 5.009376e+02 2.008298e+02 2.053893e+07
-4.256267e+02 5.022651e+02 2.013620e+02 2.059335e+07
-4.257152e+02 5.018598e+02 2.011995e+02 2.057674e+07
-4.258005e+02 5.029403e+02 2.016327e+02 2.062104e+07
-4.258754e+02 5.018073e+02 2.011785e+02 2.057458e+07
-4.259437e+02 5.036045e+02 2.018990e+02 2.064827e+07
-4.260040e+02 5.080213e+02 2.036697e+02 2.082936e+07
-4.260631e+02 5.087459e+02 2.039602e+02 2.085907e+07
-4.261262e+02 5.102158e+02 2.045495e+02 2.091934e+07
-4.261838e+02 5.123683e+02 2.054125e+02 2.100760e+07
-4.262340e+02 5.140461e+02 2.060851e+02 2.107639e+07
-4.262761e+02 5.128920e+02 2.056224e+02 2.102907e+07
-4.263086e+02 5.106074e+02 2.047065e+02 2.093540e+07
-4.263389e+02 5.120364e+02 2.052794e+02 2.099399e+07
-4.263638e+02 5.146245e+02 2.063170e+02 2.110010e+07
-4.263792e+02 5.138118e+02 2.059912e+02 2.106678e+07
-4.263915e+02 5.132939e+02 2.057836e+02 2.104554e+07
-4.264025e+02 5.152102e+02 2.065518e+02 2.112411e+07
-4.264066e+02 5.131929e+02 2.057431e+02 2.104140e+07
-4.263986e+02 5.123349e+02 2.053991e+02 2.100623e+07
-4.263716e+02 5.092814e+02 2.041749e+02 2.088103e+07
-4.263280e+02 5.089525e+02 2.040430e+02 2.086754e+07
-4.262739e+02 5.119661e+02 2.052512e+02 2.099110e+07
-4.262142e+02 5.116941e+02 2.051422e+02 2.097995e+07
-4.261481e+02 5.117490e+02 2.051642e+02 2.098220e+07
-4.260728e+02 5.107974e+02 2.047827e+02 2.094319e+07
-4.259908e+02 5.108367e+02 2.047984e+02 2.094480e+07
-4.258974e+02 5.126950e+02 2.055435e+02 2.102099e+07
-4.257894e+02 5.096189e+02 2.043102e+02 2.089487e+07
-4.256628e+02 5.069738e+02 2.032498e+02 2.078641e+07
-4.255231e+02 5.077806e+02 2.035732e+02 2.081950e+07
-4.253712e+02 5.081401e+02 2.037173e+02 2.083423e+07
-4.252025e+02 5.057896e+02 2.027750e+02 2.073786e+07
-4.250283e+02 5.071372e+02 2.033153e+02 2.079312e+07
-4.248523e+02 5.053719e+02 2.026075e+02 2.072073e+07
-4.246669e+02 5.029953e+02 2.016548e+02 2.062329e+07
-4.244643e+02 5.022969e+02 2.013748e+02 2.059466e+07
-4.242507e+02 5.006467e+02 2.007132e+02 2.052700e+07
-4.240354e+02 4.988043e+02 1.999746e+02 2.045146e+07
-4.238205e+02 4.983649e+02 1.997984e+02 2.043344e+07
-4.236047e+02 4.979554e+02 1.996342e+02 2.041665e+07
-4.233806e+02 4.996264e+02 2.003041e+02 2.048516e+07
-4.231505e+02 5.001738e+02 2.005236e+02 2.050761e+07
-4.229171e+02 5.020654e+02 2.012820e+02 2.058517e+07
-4.226791e+02 5.027880e+02 2.015716e+02 2.061479e+07
-4.224416e+02 5.036007e+02 2.018975e+02 2.064812e+07
-4.222121e+02 5.015358e+02 2.010696e+02 2.056345e+07
-4.219955e+02 5.028029e+02 2.015776e+02 2.061540e+07
-4.217842e+02 5.003319e+02 2.005870e+02 2.051409e+07
-4.215708e+02 4.994408e+02 2.002298e+02 2.047756e+07
-4.213530e+02 4.988049e+02 1.999748e+02 2.045148e+07
-4.211355e+02 4.989116e+02 2.000176e+02 2.045586e+07
-4.209255e+02 4.985101e+02 1.998566e+02 2.043939e+07
-4.207199e+02 5.001796e+02 2.005259e+02 2.050785e+07
-4.205196e+02 5.009300e+02 2.008268e+02 2.053861e+07
-4.203229e+02 5.005033e+02 2.006557e+02 2.052112e+07
-4.201273e+02 4.971172e+02 1.992982e+02 2.038229e+07
-4.199329e+02 4.945054e+02 1.982511e+02 2.027520e+07
-4.197426e+02 4.938413e+02 1.979848e+02 2.024797e+07
-4.195602e+02 4.922499e+02 1.973469e+02 2.018272e+07
-4.193803e+02 4.902554e+02 1.965472e+02 2.010094e+07
-4.191999e+02 4.889993e+02 1.960437e+02 2.004944e+07
-4.190215e+02 4.915665e+02 1.970729e+02 2.015470e+07
-4.188449e+02 4.893826e+02 1.961973e+02 2.006516e+07
-4.186684e+02 4.862355e+02 1.949356e+02 1.993612e+07
-4.184936e+02 4.899633e+02 1.964301e+02 2.008897e+07
-4.183224e+02 4.896432e+02 1.963018e+02 2.007584e+07
-4.181544e+02 4.930221e+02 1.976564e+02 2.021438e+07
-4.179942e+02 4.912385e+02 1.969414e+02 2.014125e+07
-4.178491e+02 4.886939e+02 1.959212e+02 2.003692e+07
-4.177123e+02 4.881025e+02 1.956841e+02 2.001267e+07
-4.175776e+02 4.860080e+02 1.948444e+02 1.992680e+07
-4.174492e+02 4.857598e+02 1.947449e+02 1.991662e+07
-4.173271e+02 4.884452e+02 1.958215e+02 2.002672e+07
-4.172104e+02 4.889084e+02 1.960072e+02 2.004572e+07
-4.170955e+02 4.853642e+02 1.945863e+02 1.990040e+07
-4.169807e+02 4.858741e+02 1.947907e+02 1.992130e+07
-4.168708e+02 4.871970e+02 1.953211e+02 1.997555e+07
-4.167733e+02 4.850695e+02 1.944682e+02 1.988832e+07
-4.166831e+02 4.833503e+02 1.937789e+02 1.981783e+07
-4.165934e+02 4.800937e+02 1.924733e+02 1.968430e+07
-4.165107e+02 4.802701e+02 1.925440e+02 1.969154e+07
-4.164356e+02 4.779340e+02 1.916075e+02 1.959576e+07
-4.163721e+02 4.799183e+02 1.924030e+02 1.967712e+07
-4.163209e+02 4.802739e+02 1.925456e+02 1.969169e+07
-4.162770e+02 4.821279e+02 1.932889e+02 1.976771e+07
-4.162325e+02 4.838962e+02 1.939978e+02 1.984021e+07
-4.161830e+02 4.785233e+02 1.918438e+02 1.961992e+07
-4.161311e+02 4.772519e+02 1.913340e+02 1.956779e+07
-4.160827e+02 4.750876e+02 1.904663e+02 1.947905e+07
-4.160399e+02 4.779535e+02 1.916153e+02 1.959656e+07
-4.159969e+02 4.753948e+02 1.905895e+02 1.949164e+07
-4.159513e+02 4.715674e+02 1.890551e+02 1.933472e+07
-4.159000e+02 4.725507e+02 1.894493e+02 1.937503e+07
-4.158501e+02 4.738094e+02 1.899539e+02 1.942664e+07
-4.158012e+02 4.743479e+02 1.901698e+02 1.944872e+07
-4.157511e+02 4.746299e+02 1.902829e+02 1.946028e+07
-4.157076e+02 4.729689e+02 1.896169e+02 1.939218e+07
-4.156685e+02 4.735836e+02 1.898634e+02 1.941738e+07
-4.156290e+02 4.715346e+02 1.890419e+02 1.933337e+07
-4.155905e+02 4.714295e+02 1.889998e+02 1.932906e+07
-4.155494e+02 4.691961e+02 1.881044e+02 1.923749e+07
-4.155061e+02 4.715074e+02 1.890310e+02 1.933226e+07
-4.154622e+02 4.707574e+02 1.887303e+02 1.930151e+07
-4.154177e+02 4.713213e+02 1.889564e+02 1.932463e+07
-4.153738e+02 4.704423e+02 1.886040e+02 1.928859e+07
-4.153312e+02 4.714832e+02 1.890213e+02 1.933127e+07
-4.152949e+02 4.717979e+02 1.891475e+02 1.934417e+07
-4.152593e+02 4.726064e+02 1.894716e+02 1.937732e+07
-4.152212e+02 4.750823e+02 1.904642e+02 1.947883e+07
-4.151867e+02 4.742873e+02 1.901455e+02 1.944624e+07
-4.151547e+02 4.753480e+02 1.905708e+02 1.948973e+07
-4.151273e+02 4.730744e+02 1.896592e+02 1.939651e+07
-4.151116e+02 4.720049e+02 1.892305e+02 1.935266e+07
-4.151011e+02 4.706294e+02 1.886790e+02 1.929626e+07
-4.150933e+02 4.692018e+02 1.881067e+02 1.923773e+07
-4.150890e+02 4.676392e+02 1.874802e+02 1.917366e+07
-4.150816e+02 4.656757e+02 1.866930e+02 1.909315e+07
-4.150672e+02 4.670957e+02 1.872623e+02 1.915137e+07
-4.150552e+02 4.657476e+02 1.867219e+02 1.909610e+07
-4.150513e+02 4.678306e+02 1.875570e+02 1.918151e+07
-4.150460e+02 4.709039e+02 1.887891e+02 1.930752e+07
-4.150409e+02 4.686767e+02 1.878962e+02 1.921620e+07
-4.150451e+02 4.698775e+02 1.883776e+02 1.926543e+07
-4.150550e+02 4.712770e+02 1.889387e+02 1.932281e+07
-4.150697e+02 4.709568e+02 1.888103e+02 1.930968e+07
-4.150870e+02 4.681290e+02 1.876766e+02 1.919374e+07
-4.151031e+02 4.669954e+02 1.872221e+02 1.914726e+07
-4.151097e+02 4.629678e+02 1.856074e+02 1.898213e+07
-4.151044e+02 4.618798e+02 1.851712e+02 1.893752e+07
-4.150956e+02 4.604576e+02 1.846011e+02 1.887921e+07
-4.150882e+02 4.605764e+02 1.846487e+02 1.888408e+07
-4.150836e+02 4.580787e+02 1.836474e+02 1.878167e+07
-4.150827e+02 4.597659e+02 1.843238e+02 1.885085e+07
-4.150809e+02 4.590506e+02 1.840370e+02 1.882152e+07
-4.150756e+02 4.587386e+02 1.839119e+02 1.880873e+07
-4.150644e+02 4.600971e+02 1.844565e+02 1.886442e+07
-4.150371e+02 4.603172e+02 1.845448e+02 1.887345e+07
-4.149940e+02 4.598245e+02 1.843473e+02 1.885325e+07
-4.149436e+02 4.608879e+02 1.847736e+02 1.889685e+07
-4.148906e+02 4.612794e+02 1.849305e+02 1.891290e+07
-4.148308e+02 4.583284e+02 1.837474e+02 1.879190e+07
-4.147661e+02 4.582433e+02 1.837133e+02 1.878842e+07
-4.146998e+02 4.577333e+02 1.835089e+02 1.876751e+07
-4.146297e+02 4.585485e+02 1.838357e+02 1.880093e+07
-4.145512e+02 4.564032e+02 1.829756e+02 1.871297e+07
-4.144631e+02 4.558845e+02 1.827677e+02 1.869170e+07
-4.143719e+02 4.571340e+02 1.832686e+02 1.874293e+07
-4.142818e+02 4.589073e+02 1.839795e+02 1.881564e+07
-4.141933e+02 4.590973e+02 1.840557e+02 1.882343e+07
-4.141028e+02 4.618127e+02 1.851443e+02 1.893477e+07
-4.140127e+02 4.634523e+02 1.858016e+02 1.900199e+07
-4.139238e+02 4.630997e+02 1.856603e+02 1.898753e+07
-4.138341e+02 4.638971e+02 1.859800e+02 1.902023e+07
-4.137464e+02 4.624898e+02 1.854158e+02 1.896253e+07
-4.136639e+02 4.630338e+02 1.856339e+02 1.898483e+07
-4.135845e+02 4.640124e+02 1.860262e+02 1.902496e+07
-4.135071e+02 4.665977e+02 1.870627e+02 1.913095e+07
-4.134301e+02 4.703369e+02 1.885618e+02 1.928427e+07
-4.133506e+02 4.726187e+02 1.894765e+02 1.937782e+07
-4.132722e+02 4.720431e+02 1.892458e+02 1.935422e+07
-4.131917e+02 4.705585e+02 1.886506e+02 1.929335e+07
-4.131065e+02 4.702238e+02 1.885164e+02 1.927963e+07
-4.130259e+02 4.709400e+02 1.888035e+02 1.930899e+07
-4.129494e+02 4.702671e+02 1.885338e+02 1.928141e+07
-4.128765e+02 4.730811e+02 1.896619e+02 1.939678e+07
-4.128110e+02 4.748396e+02 1.903669e+02 1.946888e+07
-4.127403e+02 4.736686e+02 1.898974e+02 1.942087e+07
-4.126639e+02 4.745007e+02 1.902310e+02 1.945499e+07
-4.125881e+02 4.755688e+02 1.906592e+02 1.949878e+07
-4.125135e+02 4.785637e+02 1.918599e+02 1.962157e+07
-4.124365e+02 4.800684e+02 1.924632e+02 1.968327e+07
-4.123604e+02 4.786153e+02 1.918806e+02 1.962369e+07
-4.122931e+02 4.740182e+02 1.900376e+02 1.943520e+07
-4.122307e+02 4.756432e+02 1.906891e+02 1.950183e+07
-4.121691e+02 4.750690e+02 1.904589e+02 1.947829e+07
-4.121066e+02 4.709273e+02 1.887985e+02 1.930848e+07
-4.120452e+02 4.730077e+02 1.896325e+02 1.939377e+07
-4.119889e+02 4.744487e+02 1.902102e+02 1.945286e+07
-4.119414e+02 4.726331e+02 1.894823e+02 1.937841e+07
-4.119061e+02 4.731589e+02 1.896931e+02 1.939997e+07
-4.118864e+02 4.750022e+02 1.904321e+02 1.947555e+07
-4.118767e+02 4.720118e+02 1.892332e+02 1.935294e+07
-4.118748e+02 4.704908e+02 1.886235e+02 1.929058e+07
-4.118848e+02 4.732348e+02 1.897235e+02 1.940308e+07
-4.119033e+02 4.719555e+02 1.892106e+02 1.935063e+07
-4.119177e+02 4.727645e+02 1.895350e+02 1.938380e+07
-4.119269e+02 4.741254e+02 1.900806e+02 1.943960e+07
-4.119416e+02 4.732229e+02 1.897188e+02 1.940259e+07
-4.119668e+02 4.777235e+02 1.915231e+02 1.958712e+07
-4.120096e+02 4.794201e+02 1.922033e+02 1.965669e+07
-4.120684e+02 4.794215e+02 1.922038e+02 1.965674e+07
-4.121386e+02 4.797101e+02 1.923195e+02 1.966858e+07
-4.122224e+02 4.814763e+02 1.930276e+02 1.974099e+07
-4.123045e+02 4.835041e+02 1.938406e+02 1.982414e+07
-4.123844e+02 4.851469e+02 1.944992e+02 1.989149e+07
-4.124754e+02 4.877193e+02 1.955305e+02 1.999696e+07
-4.125677e+02 4.920682e+02 1.972740e+02 2.017527e+07
-4.126634e+02 4.930211e+02 1.976560e+02 2.021434e+07
-4.127651e+02 4.919057e+02 1.972089e+02 2.016861e+07
-4.128713e+02 4.911371e+02 1.969007e+02 2.013710e+07
-4.129804e+02 4.905742e+02 1.966750e+02 2.011401e+07
-4.130833e+02 4.883354e+02 1.957775e+02 2.002222e+07
-4.131769e+02 4.919720e+02 1.972355e+02 2.017133e+07
-4.132601e+02 4.927218e+02 1.975361e+02 2.020207e+07
-4.133443e+02 4.919977e+02 1.972457e+02 2.017238e+07
-4.134287e+02 4.912670e+02 1.969528e+02 2.014242e+07
-4.135086e+02 4.937930e+02 1.979655e+02 2.024599e+07
-4.135888e+02 4.943919e+02 1.982056e+02 2.027054e+07
-4.136656e+02 4.955602e+02 1.986740e+02 2.031845e+07
-4.137362e+02 4.977408e+02 1.995482e+02 2.040785e+07
-4.138030e+02 4.986594e+02 1.999165e+02 2.044552e+07
-4.138746e+02 4.994851e+02 2.002475e+02 2.047937e+07
-4.139430e+02 5.006863e+02 2.007291e+02 2.052862e+07
-4.140056e+02 5.022967e+02 2.013747e+02 2.059465e+07
-4.140687e+02 5.030483e+02 2.016760e+02 2.062546e+07
-4.141243e+02 5.037266e+02 2.019479e+02 2.065328e+07
-4.141714e+02 5.032928e+02 2.017740e+02 2.063549e+07
-4.142131e+02 5.011076e+02 2.008980e+02 2.054589e+07
-4.142461e+02 4.995642e+02 2.002792e+02 2.048261e+07
-4.142696e+02 4.991896e+02 2.001290e+02 2.046725e+07
-4.142881e+02 5.007221e+02 2.007434e+02 2.053009e+07
-4.143046e+02 5.012014e+02 2.009356e+02 2.054974e+07
-4.143179e+02 4.992785e+02 2.001647e+02 2.047090e+07
-4.143253e+02 4.976036e+02 1.994932e+02 2.040223e+07
-4.143219e+02 4.983202e+02 1.997805e+02 2.043161e+07
-4.143068e+02 5.005889e+02 2.006900e+02 2.052463e+07
-4.142839e+02 5.004186e+02 2.006217e+02 2.051764e+07
-4.142557e+02 4.992267e+02 2.001439e+02 2.046878e+07
-4.142258e+02 5.014996e+02 2.010551e+02 2.056197e+07
-4.141921e+02 4.998849e+02 2.004078e+02 2.049576e+07
-4.141548e+02 4.972572e+02 1.993543e+02 2.038803e+07
-4.141163e+02 4.995895e+02 2.002893e+02 2.048365e+07
-4.140718e+02 5.003644e+02 2.006000e+02 2.051542e+07
-4.140214e+02 4.999886e+02 2.004494e+02 2.050002e+07
-4.139673e+02 5.004103e+02 2.006184e+02 2.051731e+07
-4.139037e+02 5.019823e+02 2.012487e+02 2.058176e+07
-4.138277e+02 5.011537e+02 2.009165e+02 2.054779e+07
-4.137460e+02 5.009176e+02 2.008218e+02 2.053811e+07
-4.136619e+02 4.990796e+02 2.000849e+02 2.046275e+07
-4.135770e+02 4.977587e+02 1.995554e+02 2.040859e+07
-4.134845e+02 4.967303e+02 1.991431e+02 2.036642e+07
-4.133879e+02 4.963060e+02 1.989730e+02 2.034903e+07
-4.132926e+02 4.965384e+02 1.990661e+02 2.035855e+07
-4.131942e+02 4.981837e+02 1.997258e+02 2.042601e+07
-4.130918e+02 4.987745e+02 1.999626e+02 2.045023e+07
-4.129926e+02 5.014606e+02 2.010395e+02 2.056037e+07
-4.128977e+02 5.012869e+02 2.009698e+02 2.055324e+07
-4.127969e+02 5.027926e+02 2.015735e+02 2.061498e+07
-4.126895e+02 5.027719e+02 2.015652e+02 2.061413e+07
-4.125758e+02 5.020611e+02 2.012802e+02 2.058499e+07
-4.124519e+02 5.028988e+02 2.016161e+02 2.061933e+07
-4.123225e+02 5.018707e+02 2.012039e+02 2.057718e+07
-4.121937e+02 5.013835e+02 2.010086e+02 2.055721e+07
-4.120670e+02 5.034293e+02 2.018288e+02 2.064109e+07
-4.119425e+02 5.043861e+02 2.022123e+02 2.068032e+07
-4.118153e+02 5.022830e+02 2.013692e+02 2.059409e+07
-4.116855e+02 5.023961e+02 2.014145e+02 2.059872e+07
-4.115566e+02 5.004169e+02 2.006211e+02 2.051758e+07
-4.114367e+02 4.985265e+02 1.998632e+02 2.044007e+07
-4.113259e+02 5.002674e+02 2.005611e+02 2.051145e+07
-4.112195e+02 5.010408e+02 2.008712e+02 2.054315e+07
-4.111158e+02 5.040431e+02 2.020748e+02 2.066625e+07
-4.110159e+02 5.048262e+02 2.023888e+02 2.069836e+07
-4.109199e+02 5.034525e+02 2.018381e+02 2.064204e+07
-4.108348e+02 5.042607e+02 2.021621e+02 2.067518e+07
-4.107647e+02 5.038036e+02 2.019788e+02 2.065643e+07
-4.106974e+02 5.061453e+02 2.029176e+02 2.075244e+07
-4.106339e+02 5.077123e+02 2.035458e+02 2.081669e+07
-4.105797e+02 5.050907e+02 2.024948e+02 2.070921e+07
-4.105351e+02 5.058984e+02 2.028186e+02 2.074232e+07
-4.105039e+02 5.049338e+02 2.024319e+02 2.070277e+07
-4.104786e+02 5.040064e+02 2.020601e+02 2.066475e+07
-4.104532e+02 5.027036e+02 2.015378e+02 2.061133e+07
-4.104303e+02 5.006031e+02 2.006957e+02 2.052521e+07
-4.104089e+02 5.021958e+02 2.013342e+02 2.059051e+07
-4.103880e+02 5.052117e+02 2.025433e+02 2.071417e+07
-4.103703e+02 5.064652e+02 2.030459e+02 2.076556e+07
-4.103571e+02 5.084123e+02 2.038265e+02 2.084540e+07
-4.103454e+02 5.093700e+02 2.042104e+02 2.088466e+07
-4.103335e+02 5.052377e+02 2.025538e+02 2.071523e+07
-4.103196e+02 5.025626e+02 2.014813e+02 2.060555e+07
-4.103068e+02 5.018946e+02 2.012135e+02 2.057816e+07
-4.102963e+02 5.020566e+02 2.012784e+02 2.058481e+07
-4.102913e+02 4.999159e+02 2.004202e+02 2.049703e+07
-4.102934e+02 4.997960e+02 2.003721e+02 2.049212e+07
-4.102961e+02 5.014726e+02 2.010443e+02 2.056086e+07
-4.103020e+02 5.042609e+02 2.021621e+02 2.067518e+07
-4.103119e+02 5.045271e+02 2.022689e+02 2.068610e+07
-4.103286e+02 5.045567e+02 2.022808e+02 2.068731e+07
-4.103541e+02 5.052275e+02 2.025497e+02 2.071482e+07
-4.103850e+02 5.022438e+02 2.013535e+02 2.059248e+07
-4.104148e+02 5.027323e+02 2.015493e+02 2.061251e+07
-4.104458e+02 5.034027e+02 2.018181e+02 2.064000e+07
-4.104796e+02 4.998556e+02 2.003960e+02 2.049456e+07
-4.105087e+02 5.019589e+02 2.012393e+02 2.058080e+07
-4.105359e+02 5.020310e+02 2.012682e+02 2.058376e+07
-4.105606e+02 5.005323e+02 2.006673e+02 2.052231e+07
-4.105867e+02 5.018177e+02 2.011826e+02 2.057501e+07
-4.106138e+02 5.006404e+02 2.007107e+02 2.052674e+07
-4.106328e+02 5.013829e+02 2.010083e+02 2.055718e+07
-4.106439e+02 5.023540e+02 2.013976e+02 2.059700e+07
-4.106488e+02 5.018701e+02 2.012037e+02 2.057716e+07
-4.106507e+02 4.987102e+02 1.999368e+02 2.044760e+07
-4.106508e+02 4.967647e+02 1.991569e+02 2.036783e+07
-4.106449e+02 4.964145e+02 1.990165e+02 2.035347e+07
-4.106299e+02 4.946107e+02 1.982933e+02 2.027952e+07
-4.106076e+02 4.940993e+02 1.980883e+02 2.025855e+07
-4.105767e+02 4.958373e+02 1.987851e+02 2.032981e+07
-4.105367e+02 4.950736e+02 1.984789e+02 2.029850e+07
-4.104854e+02 4.939786e+02 1.980399e+02 2.025360e+07
-4.104242e+02 4.961139e+02 1.988960e+02 2.034115e+07
-4.103605e+02 4.962928e+02 1.989677e+02 2.034848e+07
-4.102950e+02 4.952113e+02 1.985341e+02 2.030414e+07
-4.102245e+02 4.963226e+02 1.989796e+02 2.034970e+07
-4.101467e+02 4.982450e+02 1.997503e+02 2.042852e+07
-4.100612e+02 4.973804e+02 1.994037e+02 2.039308e+07
-4.099643e+02 4.945253e+02 1.982591e+02 2.027602e+07
-4.098546e+02 4.954783e+02 1.986412e+02 2.031509e+07
-4.097386e+02 4.969135e+02 1.992165e+02 2.037393e+07
-4.096135e+02 4.967762e+02 1.991615e+02 2.036830e+07
-4.094791e+02 4.975042e+02 1.994534e+02 2.039815e+07
-4.093425e+02 4.992804e+02 2.001654e+02 2.047098e+07
-4.092026e+02 4.993062e+02 2.001758e+02 2.047204e+07
-4.090566e+02 4.998742e+02 2.004035e+02 2.049533e+07
-4.089064e+02 4.986174e+02 1.998996e+02 2.044379e+07
-4.087559e+02 4.975968e+02 1.994905e+02 2.040195e+07
-4.086006e+02 4.938924e+02 1.980054e+02 2.025007e+07
-4.084363e+02 4.960204e+02 1.988585e+02 2.033731e+07
-4.082606e+02 4.961893e+02 1.989262e+02 2.034424e+07
-4.080727e+02 4.952855e+02 1.985638e+02 2.030718e+07
-4.078837e+02 4.966497e+02 1.991108e+02 2.036312e+07
-4.076931e+02 4.922526e+02 1.973479e+02 2.018283e+07
-4.074929e+02 4.946564e+02 1.983116e+02 2.028139e+07
-4.072836e+02 4.952780e+02 1.985608e+02 2.030687e+07
-4.070729e+02 4.947678e+02 1.983563e+02 2.028596e+07
-4.068554e+02 4.955738e+02 1.986794e+02 2.031901e+07
-4.066227e+02 4.980262e+02 1.996626e+02 2.041955e+07
-4.063807e+02 4.986734e+02 1.999221e+02 2.044609e+07
-4.061356e+02 4.997425e+02 2.003507e+02 2.048992e+07
-4.058864e+02 5.024813e+02 2.014487e+02 2.060222e+07
-4.056343e+02 5.027339e+02 2.015500e+02 2.061257e+07
-4.053855e+02 5.010058e+02 2.008572e+02 2.054172e+07
-4.051307e+02 5.002032e+02 2.005354e+02 2.050881e+07
-4.048729e+02 4.981845e+02 1.997261e+02 2.042605e+07
-4.046158e+02 4.981644e+02 1.997180e+02 2.042522e+07
-4.043561e+02 4.935848e+02 1.978820e+02 2.023745e+07
-4.041015e+02 4.939657e+02 1.980347e+02 2.025307e+07
-4.038516e+02 4.976860e+02 1.995262e+02 2.040561e+07
-4.036029e+02 4.992755e+02 2.001635e+02 2.047078e+07
-4.033535e+02 5.001071e+02 2.004968e+02 2.050487e+07
-4.031133e+02 4.983809e+02 1.998048e+02 2.043410e+07
-4.028829e+02 4.985169e+02 1.998593e+02 2.043967e+07
-4.026529e+02 4.977875e+02 1.995669e+02 2.040977e+07
-4.024198e+02 4.976371e+02 1.995066e+02 2.040360e+07
-4.021794e+02 4.966605e+02 1.991151e+02 2.036356e+07
-4.019381e+02 4.965255e+02 1.990610e+02 2.035802e+07
-4.017030e+02 4.977609e+02 1.995563e+02 2.040868e+07
-4.014722e+02 4.973052e+02 1.993735e+02 2.038999e+07
-4.012421e+02 4.958414e+02 1.987867e+02 2.032998e+07
-4.010161e+02 4.941628e+02 1.981137e+02 2.026115e+07
-4.007963e+02 4.949985e+02 1.984488e+02 2.029542e+07
-4.005777e+02 4.934991e+02 1.978476e+02 2.023394e+07
-4.003611e+02 4.933962e+02 1.978064e+02 2.022972e+07
-4.001515e+02 4.911613e+02 1.969104e+02 2.013809e+07
-3.999494e+02 4.896230e+02 1.962937e+02 2.007501e+07
-3.997468e+02 4.871124e+02 1.952872e+02 1.997208e+07
-3.995502e+02 4.870030e+02 1.952433e+02 1.996759e+07
-3.993692e+02 4.854270e+02 1.946115e+02 1.990297e+07
-3.992012e+02 4.835150e+02 1.938449e+02 1.982458e+07
-3.990443e+02 4.831933e+02 1.937160e+02 1.981139e+07
-3.988948e+02 4.809908e+02 1.928330e+02 1.972109e+07
-3.987516e+02 4.796011e+02 1.922759e+02 1.966411e+07
-3.986114e+02 4.787308e+02 1.919269e+02 1.962842e+07
-3.984708e+02 4.786629e+02 1.918997e+02 1.962564e+07
-3.983325e+02 4.787313e+02 1.919272e+02 1.962845e+07
-3.982110e+02 4.796798e+02 1.923074e+02 1.966733e+07
-3.981081e+02 4.771936e+02 1.913107e+02 1.956540e+07
-3.980196e+02 4.762233e+02 1.909217e+02 1.952562e+07
-3.979494e+02 4.749299e+02 1.904031e+02 1.947258e+07
-3.978935e+02 4.755029e+02 1.906329e+02 1.949608e+07
-3.978459e+02 4.770464e+02 1.912517e+02 1.955936e+07
-3.978118e+02 4.784885e+02 1.918298e+02 1.961849e+07
-3.977982e+02 4.813791e+02 1.929886e+02 1.973701e+07
-3.977921e+02 4.802816e+02 1.925487e+02 1.969201e+07
-3.978002e+02 4.773511e+02 1.913738e+02 1.957185e+07
-3.978255e+02 4.762259e+02 1.909227e+02 1.952572e+07
-3.978660e+02 4.795728e+02 1.922645e+02 1.966295e+07
-3.979246e+02 4.831807e+02 1.937110e+02 1.981088e+07
-3.979991e+02 4.843283e+02 1.941710e+02 1.985793e+07
-3.980884e+02 4.852413e+02 1.945371e+02 1.989536e+07
-3.981877e+02 4.846335e+02 1.942934e+02 1.987044e+07
-3.983058e+02 4.862328e+02 1.949346e+02 1.993601e+07
-3.984527e+02 4.876126e+02 1.954877e+02 1.999259e+07
-3.986218e+02 4.888175e+02 1.959708e+02 2.004199e+07
-3.988073e+02 4.872650e+02 1.953484e+02 1.997834e+07
-3.990102e+02 4.904913e+02 1.966418e+02 2.011062e+07
-3.992311e+02 4.916317e+02 1.970990e+02 2.015737e+07
-3.994663e+02 4.916081e+02 1.970896e+02 2.015641e+07
-3.997120e+02 4.943523e+02 1.981897e+02 2.026892e+07
-3.999672e+02 4.977648e+02 1.995578e+02 2.040884e+07
-4.002313e+02 4.976113e+02 1.994963e+02 2.040254e+07
-4.005042e+02 4.995595e+02 2.002773e+02 2.048242e+07
-4.007828e+02 5.001254e+02 2.005042e+02 2.050562e+07
-4.010650e+02 4.986845e+02 1.999265e+02 2.044655e+07
-4.013526e+02 4.955566e+02 1.986725e+02 2.031830e+07
-4.016410e+02 4.948743e+02 1.983990e+02 2.029032e+07
-4.019259e+02 4.978318e+02 1.995847e+02 2.041158e+07
-4.022063e+02 5.012651e+02 2.009611e+02 2.055235e+07
-4.024744e+02 5.027646e+02 2.015623e+02 2.061383e+07
-4.027347e+02 5.013265e+02 2.009857e+02 2.055487e+07
-4.029890e+02 5.039143e+02 2.020232e+02 2.066097e+07
-4.032380e+02 5.026316e+02 2.015089e+02 2.060838e+07
-4.034836e+02 5.016886e+02 2.011309e+02 2.056972e+07
-4.037279e+02 5.020089e+02 2.012593e+02 2.058285e+07
-4.039725e+02 5.015919e+02 2.010921e+02 2.056575e+07
-4.042167e+02 4.988272e+02 1.999838e+02 2.045240e+07
-4.044604e+02 4.992752e+02 2.001633e+02 2.047076e+07
-4.047079e+02 4.970852e+02 1.992854e+02 2.038097e+07
-4.049580e+02 4.953938e+02 1.986073e+02 2.031163e+07
-4.052046e+02 4.983054e+02 1.997745e+02 2.043100e+07
-4.054510e+02 4.959834e+02 1.988437e+02 2.033580e+07
-4.057006e+02 4.984924e+02 1.998495e+02 2.043867e+07
-4.059495e+02 4.989015e+02 2.000135e+02 2.045544e+07
-4.061857e+02 5.022272e+02 2.013468e+02 2.059180e+07
-4.064079e+02 5.010536e+02 2.008763e+02 2.054368e+07
-4.066282e+02 5.004332e+02 2.006276e+02 2.051824e+07
-4.068456e+02 5.037925e+02 2.019744e+02 2.065598e+07
-4.070554e+02 5.028702e+02 2.016046e+02 2.061816e+07
-4.072627e+02 5.024528e+02 2.014373e+02 2.060105e+07
-4.074664e+02 4.992012e+02 2.001337e+02 2.046773e+07
-4.076654e+02 4.984986e+02 1.998520e+02 2.043892e+07
-4.078554e+02 4.991635e+02 2.001185e+02 2.046618e+07
-4.080351e+02 4.972654e+02 1.993576e+02 2.038836e+07
-4.082091e+02 4.982970e+02 1.997712e+02 2.043066e+07
-4.083740e+02 5.013761e+02 2.010056e+02 2.055690e+07
-4.085283e+02 5.013468e+02 2.009939e+02 2.055570e+07
-4.086763e+02 5.026883e+02 2.015317e+02 2.061070e+07
-4.088196e+02 5.018612e+02 2.012001e+02 2.057679e+07
-4.089560e+02 5.011512e+02 2.009155e+02 2.054768e+07
-4.090910e+02 4.997973e+02 2.003726e+02 2.049217e+07
-4.092282e+02 5.013049e+02 2.009771e+02 2.055398e+07
-4.093587e+02 5.019250e+02 2.012257e+02 2.057941e+07
-4.094782e+02 5.011736e+02 2.009244e+02 2.054860e+07
-4.095882e+02 5.002267e+02 2.005448e+02 2.050978e+07
-4.096916e+02 4.980787e+02 1.996836e+02 2.042171e+07
-4.097895e+02 5.003909e+02 2.006106e+02 2.051651e+07
-4.098832e+02 4.991554e+02 2.001153e+02 2.046585e+07
-4.099737e+02 4.994181e+02 2.002206e+02 2.047662e+07
-4.100602e+02 5.003351e+02 2.005883e+02 2.051422e+07
-4.101429e+02 5.009758e+02 2.008451e+02 2.054049e+07
-4.102277e+02 5.013068e+02 2.009778e+02 2.055406e+07
-4.103082e+02 5.029339e+02 2.016302e+02 2.062078e+07
-4.103758e+02 4.997417e+02 2.003504e+02 2.048989e+07
-4.104317e+02 4.990730e+02 2.000823e+02 2.046247e+07
-4.104771e+02 4.971123e+02 1.992962e+02 2.038209e+07
-4.105104e+02 5.001124e+02 2.004990e+02 2.050509e+07
-4.105321e+02 4.970957e+02 1.992896e+02 2.038140e+07
-4.105512e+02 4.976057e+02 1.994940e+02 2.040232e+07
-4.105609e+02 4.985600e+02 1.998766e+02 2.044144e+07
-4.105631e+02 4.983355e+02 1.997866e+02 2.043224e+07
-4.105683e+02 4.961338e+02 1.989039e+02 2.034196e+07
-4.105789e+02 4.926088e+02 1.974907e+02 2.019744e+07
-4.105936e+02 4.910644e+02 1.968716e+02 2.013411e+07
-4.106053e+02 4.910954e+02 1.968840e+02 2.013539e+07
-4.106100e+02 4.927632e+02 1.975526e+02 2.020377e+07
-4.106108e+02 4.941907e+02 1.981249e+02 2.026230e+07
-4.106051e+02 4.962598e+02 1.989544e+02 2.034713e+07
-4.105875e+02 4.966342e+02 1.991046e+02 2.036248e+07
-4.105643e+02 4.951928e+02 1.985267e+02 2.030338e+07
-4.105349e+02 4.941038e+02 1.980901e+02 2.025873e+07
-4.105035e+02 4.933466e+02 1.977865e+02 2.022769e+07
-4.104728e+02 4.971269e+02 1.993021e+02 2.038268e+07
-4.104344e+02 4.947931e+02 1.983664e+02 2.028699e+07
-4.103913e+02 4.961667e+02 1.989171e+02 2.034331e+07
-4.103500e+02 4.995518e+02 2.002742e+02 2.048211e+07
-4.103082e+02 5.012155e+02 2.009412e+02 2.055032e+07
-4.102647e+02 5.006203e+02 2.007026e+02 2.052591e+07
-4.102174e+02 5.003581e+02 2.005975e+02 2.051517e+07
-4.101641e+02 5.029461e+02 2.016350e+02 2.062128e+07
-4.101048e+02 5.027296e+02 2.015482e+02 2.061240e+07
-4.100389e+02 5.021541e+02 2.013175e+02 2.058880e+07
-4.099706e+02 5.003642e+02 2.005999e+02 2.051542e+07
-4.099020e+02 5.013156e+02 2.009813e+02 2.055442e+07
-4.098296e+02 5.027968e+02 2.015752e+02 2.061515e+07
-4.097538e+02 4.988306e+02 1.999851e+02 2.045254e+07
-4.096764e+02 4.969828e+02 1.992443e+02 2.037677e+07
-4.095957e+02 4.973245e+02 1.993813e+02 2.039079e+07
-4.095065e+02 4.954911e+02 1.986463e+02 2.031562e+07
-4.094084e+02 4.944602e+02 1.982330e+02 2.027334e+07
-4.093088e+02 4.927950e+02 1.975654e+02 2.020507e+07
-4.092061e+02 4.912334e+02 1.969393e+02 2.014104e+07
-4.090969e+02 4.923059e+02 1.973693e+02 2.018502e+07
-4.089841e+02 4.941590e+02 1.981122e+02 2.026100e+07
-4.088693e+02 4.945467e+02 1.982677e+02 2.027689e+07
-4.087557e+02 4.922213e+02 1.973354e+02 2.018155e+07
-4.086430e+02 4.915760e+02 1.970767e+02 2.015509e+07
-4.085285e+02 4.900345e+02 1.964587e+02 2.009189e+07
-4.084151e+02 4.906964e+02 1.967240e+02 2.011902e+07
-4.082997e+02 4.905892e+02 1.966811e+02 2.011463e+07
-4.081826e+02 4.880886e+02 1.956786e+02 2.001210e+07
-4.080707e+02 4.869082e+02 1.952053e+02 1.996370e+07
-4.079650e+02 4.866606e+02 1.951061e+02 1.995356e+07
-4.078661e+02 4.890368e+02 1.960587e+02 2.005098e+07
-4.077686e+02 4.877746e+02 1.955526e+02 1.999923e+07
-4.076703e+02 4.868749e+02 1.951920e+02 1.996234e+07
-4.075736e+02 4.885690e+02 1.958712e+02 2.003180e+07
-4.074702e+02 4.906178e+02 1.966925e+02 2.011580e+07
-4.073526e+02 4.949113e+02 1.984138e+02 2.029184e+07
-4.072269e+02 4.943955e+02 1.982070e+02 2.027069e+07
-4.071007e+02 4.918899e+02 1.972025e+02 2.016796e+07
-4.069771e+02 4.916753e+02 1.971165e+02 2.015916e+07
-4.068582e+02 4.959775e+02 1.988413e+02 2.033556e+07
-4.067420e+02 4.958813e+02 1.988027e+02 2.033161e+07
-4.066255e+02 4.975854e+02 1.994859e+02 2.040148e+07
-4.065071e+02 4.994953e+02 2.002516e+02 2.047979e+07
-4.063846e+02 5.006937e+02 2.007320e+02 2.052893e+07
-4.062579e+02 5.026422e+02 2.015132e+02 2.060882e+07
-4.061345e+02 5.014173e+02 2.010221e+02 2.055859e+07
-4.060155e+02 4.997480e+02 2.003529e+02 2.049015e+07
-4.058932e+02 5.022286e+02 2.013474e+02 2.059186e+07
-4.057636e+02 5.023379e+02 2.013912e+02 2.059634e+07
-4.056297e+02 5.012753e+02 2.009652e+02 2.055277e+07
-4.054988e+02 4.967381e+02 1.991462e+02 2.036674e+07
-4.053746e+02 4.933728e+02 1.977970e+02 2.022876e+07
-4.052562e+02 4.916354e+02 1.971005e+02 2.015752e+07
-4.051382e+02 4.919271e+02 1.972174e+02 2.016948e+07
-4.050192e+02 4.916846e+02 1.971202e+02 2.015954e+07
-4.048997e+02 4.880131e+02 1.956483e+02 2.000901e+07
-4.047792e+02 4.879324e+02 1.956159e+02 2.000570e+07
-4.046586e+02 4.873811e+02 1.953949e+02 1.998310e+07
-4.045322e+02 4.902005e+02 1.965252e+02 2.009869e+07
-4.043988e+02 4.902719e+02 1.965538e+02 2.010162e+07
-4.042633e+02 4.923117e+02 1.973716e+02 2.018525e+07
-4.041298e+02 4.929475e+02 1.976265e+02 2.021132e+07
-4.040040e+02 4.961060e+02 1.988928e+02 2.034083e+07
-4.038839e+02 4.987453e+02 1.999509e+02 2.044904e+07
-4.037679e+02 4.969864e+02 1.992457e+02 2.037692e+07
-4.036605e+02 4.957426e+02 1.987471e+02 2.032592e+07
-4.035607e+02 4.960341e+02 1.988640e+02 2.033788e+07
-4.034611e+02 4.996797e+02 2.003255e+02 2.048735e+07
-4.033612e+02 4.992306e+02 2.001455e+02 2.046894e+07
-4.032721e+02 4.998842e+02 2.004075e+02 2.049573e+07
-4.031920e+02 4.997185e+02 2.003411e+02 2.048894e+07
-4.031170e+02 4.954757e+02 1.986401e+02 2.031498e+07
-4.030444e+02 4.964492e+02 1.990304e+02 2.035490e+07
-4.029703e+02 4.950589e+02 1.984730e+02 2.029789e+07
-4.028942e+02 4.934542e+02 1.978296e+02 2.023210e+07
-4.028198e+02 4.948520e+02 1.983901e+02 2.028941e+07
-4.027494e+02 4.961244e+02 1.989002e+02 2.034158e+07
-4.026782e+02 4.978485e+02 1.995914e+02 2.041227e+07
-4.026097e+02 4.994722e+02 2.002423e+02 2.047884e+07
-4.025465e+02 4.999982e+02 2.004532e+02 2.050041e+07
-4.024927e+02 4.997221e+02 2.003425e+02 2.048909e+07
-4.024410e+02 4.963982e+02 1.990099e+02 2.035280e+07
-4.023848e+02 4.963207e+02 1.989789e+02 2.034963e+07
-4.023315e+02 4.965128e+02 1.990559e+02 2.035750e+07
-4.022796e+02 4.961829e+02 1.989236e+02 2.034398e+07
-4.022298e+02 4.949572e+02 1.984322e+02 2.029372e+07
-4.021839e+02 4.969686e+02 1.992386e+02 2.037619e+07
-4.021358e+02 4.986427e+02 1.999098e+02 2.044483e+07
-4.020852e+02 4.986079e+02 1.998958e+02 2.044340e+07
-4.020395e+02 4.967689e+02 1.991585e+02 2.036800e+07
-4.019980e+02 4.979364e+02 1.996266e+02 2.041587e+07
-4.019611e+02 4.997680e+02 2.003609e+02 2.049097e+07
-4.019311e+02 5.004452e+02 2.006324e+02 2.051874e+07
-4.019044e+02 4.988540e+02 1.999945e+02 2.045350e+07
-4.018790e+02 4.986208e+02 1.999010e+02 2.044393e+07
-4.018577e+02 4.996782e+02 2.003249e+02 2.048729e+07
-4.018452e+02 5.003097e+02 2.005781e+02 2.051318e+07
-4.018441e+02 5.007997e+02 2.007745e+02 2.053327e+07
-4.018528e+02 4.979043e+02 1.996137e+02 2.041456e+07
-4.018676e+02 4.983209e+02 1.997807e+02 2.043164e+07
-4.018915e+02 4.982632e+02 1.997576e+02 2.042927e+07
-4.019276e+02 5.007001e+02 2.007346e+02 2.052919e+07
-4.019682e+02 5.028282e+02 2.015878e+02 2.061644e+07
-4.020096e+02 5.022056e+02 2.013382e+02 2.059092e+07
-4.020566e+02 5.000937e+02 2.004915e+02 2.050432e+07
-4.021122e+02 4.971026e+02 1.992923e+02 2.038168e+07
-4.021751e+02 4.996643e+02 2.003193e+02 2.048672e+07
-4.022494e+02 5.003172e+02 2.005811e+02 2.051349e+07
-4.023329e+02 5.019457e+02 2.012340e+02 2.058026e+07
-4.024199e+02 5.017657e+02 2.011618e+02 2.057288e+07
-4.025090e+02 5.021398e+02 2.013118e+02 2.058822e+07
-4.026019e+02 5.025133e+02 2.014615e+02 2.060353e+07
-4.026971e+02 5.039044e+02 2.020192e+02 2.066057e+07
-4.027879e+02 5.029899e+02 2.016526e+02 2.062307e+07
-4.028763e+02 5.043238e+02 2.021874e+02 2.067776e+07
-4.029648e+02 5.069163e+02 2.032267e+02 2.078406e+07
-4.030572e+02 5.069080e+02 2.032234e+02 2.078372e+07
-4.031458e+02 5.075535e+02 2.034822e+02 2.081018e+07
-4.032275e+02 5.085257e+02 2.038720e+02 2.085005e+07
